/*
 Navicat Premium Data Transfer

 Source Server         : 腾讯云
 Source Server Type    : MySQL
 Source Server Version : 50642
 Source Host           : 139.199.158.210:3306
 Source Schema         : student

 Target Server Type    : MySQL
 Target Server Version : 50642
 File Encoding         : 65001

 Date: 23/11/2018 13:15:48
*/

SET NAMES utf8mb4;
SET FOREIGN_KEY_CHECKS = 0;

-- ----------------------------
-- Table structure for permission
-- ----------------------------
DROP TABLE IF EXISTS `permission`;
CREATE TABLE `permission` (
  `permission` varchar(255) NOT NULL,
  PRIMARY KEY (`permission`)
) ENGINE=InnoDB DEFAULT CHARSET=utf8;

-- ----------------------------
-- Records of permission
-- ----------------------------
BEGIN;
INSERT INTO `permission` VALUES ('create');
INSERT INTO `permission` VALUES ('del');
INSERT INTO `permission` VALUES ('search');
INSERT INTO `permission` VALUES ('view');
COMMIT;

-- ----------------------------
-- Table structure for role
-- ----------------------------
DROP TABLE IF EXISTS `role`;
CREATE TABLE `role` (
  `role` varchar(255) NOT NULL,
  PRIMARY KEY (`role`)
) ENGINE=InnoDB DEFAULT CHARSET=utf8;

-- ----------------------------
-- Records of role
-- ----------------------------
BEGIN;
INSERT INTO `role` VALUES ('admin');
INSERT INTO `role` VALUES ('student');
INSERT INTO `role` VALUES ('teacher');
COMMIT;

-- ----------------------------
-- Table structure for roleandpermissions
-- ----------------------------
DROP TABLE IF EXISTS `roleandpermissions`;
CREATE TABLE `roleandpermissions` (
  `role` varchar(255) NOT NULL,
  `permission` varchar(255) DEFAULT NULL,
  `id` int(11) NOT NULL AUTO_INCREMENT,
  PRIMARY KEY (`id`)
) ENGINE=InnoDB AUTO_INCREMENT=11 DEFAULT CHARSET=utf8;

-- ----------------------------
-- Records of roleandpermissions
-- ----------------------------
BEGIN;
INSERT INTO `roleandpermissions` VALUES ('admin', 'create', 1);
INSERT INTO `roleandpermissions` VALUES ('admin', 'updata', 2);
INSERT INTO `roleandpermissions` VALUES ('student', 'view', 3);
INSERT INTO `roleandpermissions` VALUES ('teacher', 'view', 4);
INSERT INTO `roleandpermissions` VALUES ('teacher', 'del', 5);
INSERT INTO `roleandpermissions` VALUES ('teacher', 'updata', 6);
INSERT INTO `roleandpermissions` VALUES ('teacher', 'add', 7);
INSERT INTO `roleandpermissions` VALUES ('admin', 'edit', 8);
INSERT INTO `roleandpermissions` VALUES ('teacher', 'edit', 9);
INSERT INTO `roleandpermissions` VALUES ('admin', 'add', 10);
COMMIT;

-- ----------------------------
-- Table structure for student_admin
-- ----------------------------
DROP TABLE IF EXISTS `student_admin`;
CREATE TABLE `student_admin` (
  `姓名` char(10) NOT NULL,
  `密码` varchar(255) DEFAULT NULL,
  PRIMARY KEY (`姓名`)
) ENGINE=InnoDB DEFAULT CHARSET=utf8;

-- ----------------------------
-- Records of student_admin
-- ----------------------------
BEGIN;
INSERT INTO `student_admin` VALUES ('HHsb', '1234');
INSERT INTO `student_admin` VALUES ('Hsb', '1234');
INSERT INTO `student_admin` VALUES ('madongyu', '1234');
INSERT INTO `student_admin` VALUES ('mdy', '1234');
INSERT INTO `student_admin` VALUES ('sb', '1234');
INSERT INTO `student_admin` VALUES ('test', '1234');
INSERT INTO `student_admin` VALUES ('王灿銮', '1234');
COMMIT;

-- ----------------------------
-- Table structure for student_information
-- ----------------------------
DROP TABLE IF EXISTS `student_information`;
CREATE TABLE `student_information` (
  `学号` varchar(6) CHARACTER SET utf8 COLLATE utf8_bin NOT NULL,
  `姓名` varchar(10) DEFAULT NULL,
  `性别` varchar(4) DEFAULT NULL,
  `班级` varchar(4) DEFAULT NULL,
  PRIMARY KEY (`学号`)
) ENGINE=InnoDB DEFAULT CHARSET=utf8;

-- ----------------------------
-- Records of student_information
-- ----------------------------
BEGIN;
INSERT INTO `student_information` VALUES ('123443', '斯蒂芬', '男性', '一班');
INSERT INTO `student_information` VALUES ('123455', '张润发', '女性', '五班');
INSERT INTO `student_information` VALUES ('123456', '算分数', '男性', '一班');
INSERT INTO `student_information` VALUES ('234234', '第三大', '男性', '一班');
INSERT INTO `student_information` VALUES ('235325', '奔驰车', '女性', '一班');
INSERT INTO `student_information` VALUES ('235342', '松岛枫', '男性', '一班');
INSERT INTO `student_information` VALUES ('344342', '到开', '男性', '一班');
INSERT INTO `student_information` VALUES ('455545', '张润发', '男性', '二班');
INSERT INTO `student_information` VALUES ('456311', '加速度', '女性', '五班');
INSERT INTO `student_information` VALUES ('456452', '就啃', '男性', '一班');
INSERT INTO `student_information` VALUES ('456455', '才能保本', '男性', '三班');
INSERT INTO `student_information` VALUES ('456556', '斯达康', '男性', '四班');
INSERT INTO `student_information` VALUES ('456654', '张润发', '男性', '五班');
INSERT INTO `student_information` VALUES ('456745', '张润发', '女性', '五班');
INSERT INTO `student_information` VALUES ('456789', '王灿銮', '男性', '五班');
INSERT INTO `student_information` VALUES ('465456', '解放东路', '女性', '五班');
INSERT INTO `student_information` VALUES ('465464', '张润发', '女性', '五班');
INSERT INTO `student_information` VALUES ('486546', '阿斯蒂芬', '女性', '四班');
INSERT INTO `student_information` VALUES ('544554', '伍鑫', '女性', '五班');
INSERT INTO `student_information` VALUES ('545465', '收到', '女性', '五班');
INSERT INTO `student_information` VALUES ('545565', '范甘迪', '女性', '六班');
INSERT INTO `student_information` VALUES ('545664', '面板', '女性', '六班');
INSERT INTO `student_information` VALUES ('545665', '范德官', '女性', '五班');
INSERT INTO `student_information` VALUES ('546565', '寡妇门', '女性', '一班');
INSERT INTO `student_information` VALUES ('555454', '萨弗迪', '女性', '五班');
INSERT INTO `student_information` VALUES ('567890', '激活', '男性', '一班');
INSERT INTO `student_information` VALUES ('567891', '激活', '男性', '四班');
INSERT INTO `student_information` VALUES ('574833', '王灿銮', '男性', '五班');
INSERT INTO `student_information` VALUES ('654546', '阿斯顿', '女性', '五班');
INSERT INTO `student_information` VALUES ('654564', '开机', '女性', '五班');
INSERT INTO `student_information` VALUES ('654569', NULL, '女性', NULL);
INSERT INTO `student_information` VALUES ('654894', NULL, '女性', '六班');
INSERT INTO `student_information` VALUES ('684644', NULL, '女性', NULL);
INSERT INTO `student_information` VALUES ('748974', 'MDY', '男性', NULL);
INSERT INTO `student_information` VALUES ('755778', NULL, '女性', NULL);
INSERT INTO `student_information` VALUES ('789989', NULL, '男性', NULL);
INSERT INTO `student_information` VALUES ('789997', NULL, '男性', NULL);
INSERT INTO `student_information` VALUES ('789999', NULL, '男性', NULL);
INSERT INTO `student_information` VALUES ('798464', '开机率', '男性', '二班');
INSERT INTO `student_information` VALUES ('846884', NULL, '男性', '三班');
INSERT INTO `student_information` VALUES ('848775', NULL, '男性', '六班');
INSERT INTO `student_information` VALUES ('867856', '法国恢复', '男性', '一班');
INSERT INTO `student_information` VALUES ('868464', NULL, '男性', NULL);
INSERT INTO `student_information` VALUES ('877456', NULL, '男性', NULL);
INSERT INTO `student_information` VALUES ('878677', NULL, '男性', '五班');
INSERT INTO `student_information` VALUES ('884855', '数据', '男性', '一班');
INSERT INTO `student_information` VALUES ('987987', NULL, '男性', '六班');
COMMIT;

-- ----------------------------
-- Table structure for student_score
-- ----------------------------
DROP TABLE IF EXISTS `student_score`;
CREATE TABLE `student_score` (
  `学号` varchar(10) NOT NULL,
  `姓名` varchar(10) DEFAULT NULL,
  `语文成绩` double(11,0) DEFAULT NULL,
  `数学成绩` double(11,2) DEFAULT NULL,
  `英语成绩` double(11,2) DEFAULT NULL,
  `平均分` double(11,2) DEFAULT NULL,
  `作业成绩` double(11,2) DEFAULT NULL,
  `成绩等级` char(1) DEFAULT NULL,
  PRIMARY KEY (`学号`)
) ENGINE=InnoDB DEFAULT CHARSET=utf8;

-- ----------------------------
-- Records of student_score
-- ----------------------------
BEGIN;
INSERT INTO `student_score` VALUES ('0', 'SuperBigJJ', 10000000, 1000000.00, 10000000.00, 1000000.00, 1000000.00, '无');
INSERT INTO `student_score` VALUES ('123365', '佩聘鄂呕', 43, 61.00, 77.00, 60.33, 81.00, 'C');
INSERT INTO `student_score` VALUES ('123610', '撒浇酞', 57, 5.00, 51.00, 37.67, 46.00, 'C');
INSERT INTO `student_score` VALUES ('123678', '傻逼', 100, 100.00, 100.00, 100.00, 100.00, 'S');
INSERT INTO `student_score` VALUES ('124330', '籍羡圾蔬', 12, 1.00, 14.00, 9.00, 65.00, 'C');
INSERT INTO `student_score` VALUES ('124831', '梯携', 52, 58.00, 85.00, 65.00, 68.00, 'B');
INSERT INTO `student_score` VALUES ('125429', '重框', 75, 29.00, 87.00, 63.67, 14.00, 'C');
INSERT INTO `student_score` VALUES ('126236', '剂扣分', 91, 48.00, 7.00, 48.67, 19.00, 'D');
INSERT INTO `student_score` VALUES ('126458', '悄吠', 12, 30.00, 15.00, 19.00, 31.00, 'C');
INSERT INTO `student_score` VALUES ('126801', '忿胎', 90, 62.00, 4.00, 52.00, 93.00, 'B');
INSERT INTO `student_score` VALUES ('127781', '思影', 12, 75.00, 20.00, 35.67, 40.00, 'C');
INSERT INTO `student_score` VALUES ('128288', '皮法钵东', 79, 52.00, 12.00, 47.67, 50.00, 'C');
INSERT INTO `student_score` VALUES ('129268', '如', 92, 40.00, 74.00, 68.67, 47.00, 'B');
INSERT INTO `student_score` VALUES ('130074', '匣褥', 93, 71.00, 50.00, 71.33, 72.00, 'B');
INSERT INTO `student_score` VALUES ('133409', '噶海', 84, 50.00, 15.00, 49.67, 1.00, 'C');
INSERT INTO `student_score` VALUES ('133483', '睛军弘镐', 39, 91.00, 87.00, 72.33, 40.00, 'C');
INSERT INTO `student_score` VALUES ('134026', '噪荫折蹭', 2, 73.00, 36.00, 37.00, 96.00, 'B');
INSERT INTO `student_score` VALUES ('134245', '史漠影粥', 58, 74.00, 90.00, 74.00, 9.00, 'C');
INSERT INTO `student_score` VALUES ('138824', '灵乎', 55, 44.00, 59.00, 52.67, 75.00, 'B');
INSERT INTO `student_score` VALUES ('138975', '乍', 59, 18.00, 55.00, 44.00, 81.00, 'C');
INSERT INTO `student_score` VALUES ('139839', '霖', 53, 7.00, 46.00, 35.33, 97.00, 'B');
INSERT INTO `student_score` VALUES ('140176', '埠', 18, 34.00, 26.00, 26.00, 50.00, 'C');
INSERT INTO `student_score` VALUES ('140286', '翔', 63, 6.00, 58.00, 42.33, 20.00, 'C');
INSERT INTO `student_score` VALUES ('141705', '酸颠式', 0, 39.00, 41.00, 26.67, 65.00, 'C');
INSERT INTO `student_score` VALUES ('142378', '乱拣刹乙', 32, 13.00, 22.00, 22.33, 18.00, 'C');
INSERT INTO `student_score` VALUES ('144393', '燎瘤缕', 79, 25.00, 88.00, 64.00, 81.00, 'B');
INSERT INTO `student_score` VALUES ('144428', '斩槐谜', 0, 85.00, 96.00, 60.33, 18.00, 'C');
INSERT INTO `student_score` VALUES ('145048', '吝骚喳刺', 7, 4.00, 74.00, 28.33, 20.00, 'C');
INSERT INTO `student_score` VALUES ('145709', '扑个埠', 41, 84.00, 36.00, 53.67, 94.00, 'B');
INSERT INTO `student_score` VALUES ('146408', '崇扳拨纽', 8, 34.00, 35.00, 25.67, 47.00, 'C');
INSERT INTO `student_score` VALUES ('146410', '微执诈稠', 31, 17.00, 26.00, 24.67, 43.00, 'C');
INSERT INTO `student_score` VALUES ('147083', '某忌殖', 87, 8.00, 85.00, 60.00, 16.00, 'D');
INSERT INTO `student_score` VALUES ('147737', '滴券晤薄沫腻厄', 42, 31.00, 13.00, 28.67, 75.00, 'C');
INSERT INTO `student_score` VALUES ('148043', '筒', 96, 76.00, 57.00, 76.33, 8.00, 'C');
INSERT INTO `student_score` VALUES ('149030', '桃益', 85, 92.00, 87.00, 88.00, 1.00, 'C');
INSERT INTO `student_score` VALUES ('149363', '肘', 56, 32.00, 87.00, 58.33, 5.00, 'C');
INSERT INTO `student_score` VALUES ('149743', '朴菲砾', 54, 2.00, 87.00, 47.67, 86.00, 'B');
INSERT INTO `student_score` VALUES ('151422', '盲酶辰', 0, 12.00, 53.00, 21.67, 11.00, 'C');
INSERT INTO `student_score` VALUES ('151461', '吉役宇', 22, 3.00, 24.00, 16.33, 98.00, 'C');
INSERT INTO `student_score` VALUES ('151560', '誓阔', 57, 24.00, 30.00, 37.00, 61.00, 'C');
INSERT INTO `student_score` VALUES ('151594', '活拆吭订', 74, 83.00, 79.00, 78.67, 54.00, 'B');
INSERT INTO `student_score` VALUES ('152426', '裤椅户', 21, 94.00, 1.00, 38.67, 4.00, 'C');
INSERT INTO `student_score` VALUES ('152445', '滇杀', 49, 43.00, 96.00, 62.67, 51.00, 'C');
INSERT INTO `student_score` VALUES ('152626', '酥巨酒', 27, 52.00, 5.00, 28.00, 74.00, 'C');
INSERT INTO `student_score` VALUES ('153407', '姓', 19, 59.00, 87.00, 55.00, 50.00, 'C');
INSERT INTO `student_score` VALUES ('154136', '吭瓤', 62, 0.00, 7.00, 23.00, 48.00, 'C');
INSERT INTO `student_score` VALUES ('155623', '卤沾', 40, 39.00, 56.00, 45.00, 74.00, 'C');
INSERT INTO `student_score` VALUES ('155931', '四袖浆', 37, 39.00, 7.00, 27.67, 54.00, 'C');
INSERT INTO `student_score` VALUES ('156886', '演瞥', 3, 59.00, 49.00, 37.00, 92.00, 'C');
INSERT INTO `student_score` VALUES ('157624', '淬贺丘', 33, 48.00, 82.00, 54.33, 61.00, 'C');
INSERT INTO `student_score` VALUES ('158345', '浩', 18, 79.00, 81.00, 59.33, 38.00, 'C');
INSERT INTO `student_score` VALUES ('159701', '蜜', 5, 72.00, 37.00, 38.00, 9.00, 'C');
INSERT INTO `student_score` VALUES ('160184', '衫谤', 69, 87.00, 26.00, 60.67, 52.00, 'C');
INSERT INTO `student_score` VALUES ('161136', '褒伴', 31, 39.00, 60.00, 43.33, 17.00, 'C');
INSERT INTO `student_score` VALUES ('161373', '龟', 58, 83.00, 37.00, 59.33, 1.00, 'C');
INSERT INTO `student_score` VALUES ('162103', '汤妙厦', 18, 48.00, 77.00, 47.67, 74.00, 'C');
INSERT INTO `student_score` VALUES ('163542', '喜棍捆', 48, 44.00, 66.00, 52.67, 39.00, 'C');
INSERT INTO `student_score` VALUES ('165010', '粕尘畸', 10, 88.00, 7.00, 35.00, 61.00, 'C');
INSERT INTO `student_score` VALUES ('165403', '递驴', 56, 74.00, 7.00, 45.67, 15.00, 'C');
INSERT INTO `student_score` VALUES ('168023', '津桑今', 37, 47.00, 30.00, 38.00, 46.00, 'C');
INSERT INTO `student_score` VALUES ('168859', '茂龄', 18, 24.00, 23.00, 21.67, 96.00, 'C');
INSERT INTO `student_score` VALUES ('169100', '巫酋凯食', 13, 82.00, 64.00, 53.00, 69.00, 'C');
INSERT INTO `student_score` VALUES ('169542', '迢', 15, 75.00, 2.00, 30.67, 63.00, 'C');
INSERT INTO `student_score` VALUES ('169840', '狱', 85, 15.00, 5.00, 35.00, 31.00, 'C');
INSERT INTO `student_score` VALUES ('170170', '潘旅', 5, 29.00, 83.00, 39.00, 46.00, 'C');
INSERT INTO `student_score` VALUES ('171220', '疮', 78, 50.00, 86.00, 71.33, 53.00, 'B');
INSERT INTO `student_score` VALUES ('172634', '眠避吃', 51, 14.00, 44.00, 36.33, 52.00, 'C');
INSERT INTO `student_score` VALUES ('173377', '板', 11, 41.00, 25.00, 25.67, 90.00, 'C');
INSERT INTO `student_score` VALUES ('174941', '慎品', 48, 40.00, 39.00, 42.33, 54.00, 'C');
INSERT INTO `student_score` VALUES ('175674', '问揪衔镇', 14, 49.00, 53.00, 38.67, 6.00, 'C');
INSERT INTO `student_score` VALUES ('176572', '孕', 47, 10.00, 37.00, 31.33, 80.00, 'C');
INSERT INTO `student_score` VALUES ('176791', '玻证庙境', 32, 75.00, 68.00, 58.33, 10.00, 'C');
INSERT INTO `student_score` VALUES ('176813', '温画均', 88, 22.00, 67.00, 59.00, 34.00, 'C');
INSERT INTO `student_score` VALUES ('176869', '都列竞', 19, 24.00, 20.00, 21.00, 99.00, 'C');
INSERT INTO `student_score` VALUES ('177297', '蒸哆茅', 77, 65.00, 3.00, 48.33, 16.00, 'C');
INSERT INTO `student_score` VALUES ('177730', '弃吗', 58, 33.00, 19.00, 36.67, 43.00, 'C');
INSERT INTO `student_score` VALUES ('177863', '茧挠帆', 33, 14.00, 94.00, 47.00, 79.00, 'C');
INSERT INTO `student_score` VALUES ('178049', '学用址', 69, 41.00, 15.00, 41.67, 4.00, 'C');
INSERT INTO `student_score` VALUES ('178344', '匆', 99, 80.00, 90.00, 89.67, 7.00, 'C');
INSERT INTO `student_score` VALUES ('179362', '吩华沼玫恢', 96, 76.00, 36.00, 69.33, 38.00, 'C');
INSERT INTO `student_score` VALUES ('180919', '抿彰溢', 28, 27.00, 39.00, 31.33, 73.00, 'C');
INSERT INTO `student_score` VALUES ('181156', '烙句捻透菏', 56, 66.00, 29.00, 50.33, 47.00, 'C');
INSERT INTO `student_score` VALUES ('181721', '瞩型要吊', 47, 79.00, 24.00, 50.00, 12.00, 'C');
INSERT INTO `student_score` VALUES ('181940', '侣招', 97, 21.00, 71.00, 63.00, 36.00, 'C');
INSERT INTO `student_score` VALUES ('184894', '零', 58, 2.00, 14.00, 24.67, 12.00, 'C');
INSERT INTO `student_score` VALUES ('185415', '滑合亿匝', 69, 44.00, 3.00, 38.67, 91.00, 'C');
INSERT INTO `student_score` VALUES ('185625', '猿', 67, 81.00, 65.00, 71.00, 17.00, 'C');
INSERT INTO `student_score` VALUES ('186131', '蝗降', 88, 98.00, 70.00, 85.33, 89.00, 'B');
INSERT INTO `student_score` VALUES ('186475', '萄', 71, 93.00, 53.00, 72.33, 90.00, 'B');
INSERT INTO `student_score` VALUES ('187427', '篮营疆报', 9, 36.00, 73.00, 39.33, 33.00, 'C');
INSERT INTO `student_score` VALUES ('187693', '蹋携簧', 31, 84.00, 16.00, 43.67, 39.00, 'C');
INSERT INTO `student_score` VALUES ('188035', '礼脆椭', 82, 70.00, 59.00, 70.33, 89.00, 'B');
INSERT INTO `student_score` VALUES ('188690', '贤庚焊拌', 35, 64.00, 11.00, 36.67, 74.00, 'C');
INSERT INTO `student_score` VALUES ('189149', '毛淬甘挡', 48, 32.00, 52.00, 44.00, 37.00, 'C');
INSERT INTO `student_score` VALUES ('189420', '酵及教第', 33, 55.00, 87.00, 58.33, 70.00, 'B');
INSERT INTO `student_score` VALUES ('190351', '艰', 61, 92.00, 4.00, 52.33, 97.00, 'B');
INSERT INTO `student_score` VALUES ('190542', '墙湃苏', 13, 15.00, 16.00, 14.67, 71.00, 'C');
INSERT INTO `student_score` VALUES ('190548', '商求颂', 3, 0.00, 66.00, 23.00, 76.00, 'C');
INSERT INTO `student_score` VALUES ('190668', '咸砍唬望', 19, 26.00, 86.00, 43.67, 72.00, 'C');
INSERT INTO `student_score` VALUES ('190710', '穆', 32, 94.00, 83.00, 69.67, 20.00, 'C');
INSERT INTO `student_score` VALUES ('192210', '敛柏红', 78, 10.00, 26.00, 38.00, 70.00, 'C');
INSERT INTO `student_score` VALUES ('193158', '涝掠厅麦', 30, 86.00, 33.00, 49.67, 20.00, 'C');
INSERT INTO `student_score` VALUES ('193745', '卧讣未预', 41, 35.00, 5.00, 27.00, 14.00, 'C');
INSERT INTO `student_score` VALUES ('194271', '帐遍', 58, 24.00, 20.00, 34.00, 67.00, 'C');
INSERT INTO `student_score` VALUES ('194968', '漓瞥梢', 0, 24.00, 50.00, 24.67, 88.00, 'C');
INSERT INTO `student_score` VALUES ('195189', '酗么', 15, 33.00, 77.00, 41.67, 22.00, 'C');
INSERT INTO `student_score` VALUES ('196421', '卢寸', 37, 82.00, 20.00, 46.33, 25.00, 'C');
INSERT INTO `student_score` VALUES ('196567', '臼确', 61, 65.00, 33.00, 53.00, 26.00, 'C');
INSERT INTO `student_score` VALUES ('198004', '肉驼握', 5, 5.00, 96.00, 35.33, 20.00, 'C');
INSERT INTO `student_score` VALUES ('198319', '晶催', 79, 47.00, 5.00, 43.67, 46.00, 'C');
INSERT INTO `student_score` VALUES ('199209', '忙', 94, 94.00, 88.00, 92.00, 82.00, 'B');
INSERT INTO `student_score` VALUES ('199699', '盗异叮', 11, 74.00, 4.00, 29.67, 4.00, 'C');
INSERT INTO `student_score` VALUES ('199770', '攒', 8, 57.00, 24.00, 29.67, 1.00, 'C');
INSERT INTO `student_score` VALUES ('200263', '群', 97, 5.00, 89.00, 63.67, 49.00, 'C');
INSERT INTO `student_score` VALUES ('200329', '游静逼', 31, 78.00, 71.00, 60.00, 8.00, 'C');
INSERT INTO `student_score` VALUES ('200486', '训钞', 61, 80.00, 40.00, 60.33, 98.00, 'B');
INSERT INTO `student_score` VALUES ('201110', '蛇耍', 29, 85.00, 89.00, 67.67, 84.00, 'B');
INSERT INTO `student_score` VALUES ('201765', '截庭', 26, 63.00, 25.00, 38.00, 62.00, 'C');
INSERT INTO `student_score` VALUES ('202233', '坦', 33, 9.00, 47.00, 29.67, 37.00, 'C');
INSERT INTO `student_score` VALUES ('202553', '妮', 98, 58.00, 7.00, 54.33, 21.00, 'C');
INSERT INTO `student_score` VALUES ('202851', '昔潍竟', 59, 31.00, 57.00, 49.00, 91.00, 'B');
INSERT INTO `student_score` VALUES ('203057', '继晾', 61, 82.00, 94.00, 79.00, 67.00, 'B');
INSERT INTO `student_score` VALUES ('203841', '玛抑险湛贺', 54, 43.00, 85.00, 60.67, 74.00, 'B');
INSERT INTO `student_score` VALUES ('204449', '依地脓', 56, 20.00, 89.00, 55.00, 46.00, 'C');
INSERT INTO `student_score` VALUES ('205543', '纱', 53, 57.00, 74.00, 61.33, 15.00, 'C');
INSERT INTO `student_score` VALUES ('205844', '河部继', 12, 38.00, 93.00, 47.67, 18.00, 'C');
INSERT INTO `student_score` VALUES ('207888', '搐竟巡', 32, 70.00, 79.00, 60.33, 52.00, 'C');
INSERT INTO `student_score` VALUES ('207931', '涵吓逢坦', 72, 99.00, 93.00, 88.00, 34.00, 'B');
INSERT INTO `student_score` VALUES ('21', '213', 2, 31.00, 2.00, 11.67, 21.00, 'D');
INSERT INTO `student_score` VALUES ('210993', '绎页', 6, 20.00, 74.00, 33.33, 70.00, 'C');
INSERT INTO `student_score` VALUES ('211295', '歪旷哦', 35, 80.00, 76.00, 63.67, 46.00, 'C');
INSERT INTO `student_score` VALUES ('211313', '渔画车焊胁', 76, 27.00, 22.00, 41.67, 84.00, 'C');
INSERT INTO `student_score` VALUES ('212690', '驱诲', 97, 42.00, 63.00, 67.33, 4.00, 'C');
INSERT INTO `student_score` VALUES ('213135', '奠袒', 60, 84.00, 22.00, 55.33, 81.00, 'B');
INSERT INTO `student_score` VALUES ('213186', '泳佣网', 16, 7.00, 37.00, 20.00, 95.00, 'C');
INSERT INTO `student_score` VALUES ('213325', '彻汹蛇', 24, 77.00, 0.00, 33.67, 34.00, 'C');
INSERT INTO `student_score` VALUES ('213594', '等选娩渗', 36, 60.00, 61.00, 52.33, 61.00, 'C');
INSERT INTO `student_score` VALUES ('215131', '植似', 19, 60.00, 62.00, 47.00, 30.00, 'C');
INSERT INTO `student_score` VALUES ('215374', '郝', 79, 21.00, 50.00, 50.00, 76.00, 'B');
INSERT INTO `student_score` VALUES ('215685', '渴', 79, 58.00, 67.00, 68.00, 57.00, 'B');
INSERT INTO `student_score` VALUES ('215786', '苗丢押养', 78, 45.00, 47.00, 56.67, 2.00, 'C');
INSERT INTO `student_score` VALUES ('215811', '互毖糕', 78, 38.00, 40.00, 52.00, 86.00, 'B');
INSERT INTO `student_score` VALUES ('216930', '拨', 87, 31.00, 67.00, 61.67, 67.00, 'B');
INSERT INTO `student_score` VALUES ('217955', '剑', 19, 79.00, 38.00, 45.33, 57.00, 'C');
INSERT INTO `student_score` VALUES ('219176', '能啼', 88, 92.00, 26.00, 68.67, 45.00, 'C');
INSERT INTO `student_score` VALUES ('219360', '谴', 11, 84.00, 92.00, 62.33, 77.00, 'B');
INSERT INTO `student_score` VALUES ('220320', '枢剐', 46, 36.00, 6.00, 29.33, 1.00, 'C');
INSERT INTO `student_score` VALUES ('220657', '靡', 73, 59.00, 42.00, 58.00, 61.00, 'C');
INSERT INTO `student_score` VALUES ('221116', '粗', 79, 55.00, 25.00, 53.00, 89.00, 'B');
INSERT INTO `student_score` VALUES ('221477', '签亲湛较丫', 47, 89.00, 87.00, 74.33, 28.00, 'C');
INSERT INTO `student_score` VALUES ('221518', '迁航', 9, 38.00, 85.00, 44.00, 14.00, 'C');
INSERT INTO `student_score` VALUES ('221535', '船优芒育', 79, 25.00, 87.00, 63.67, 3.00, 'C');
INSERT INTO `student_score` VALUES ('222689', '刺办匡', 13, 58.00, 39.00, 36.67, 36.00, 'C');
INSERT INTO `student_score` VALUES ('223741', '焉', 82, 67.00, 77.00, 75.33, 62.00, 'B');
INSERT INTO `student_score` VALUES ('223873', '糜滚', 12, 6.00, 89.00, 35.67, 96.00, 'C');
INSERT INTO `student_score` VALUES ('223900', '窖辽', 28, 49.00, 18.00, 31.67, 44.00, 'C');
INSERT INTO `student_score` VALUES ('225419', '菜兆系', 82, 99.00, 47.00, 76.00, 24.00, 'C');
INSERT INTO `student_score` VALUES ('225887', '贷阴圈慎', 94, 65.00, 63.00, 74.00, 29.00, 'C');
INSERT INTO `student_score` VALUES ('225998', '寞', 36, 92.00, 43.00, 57.00, 91.00, 'B');
INSERT INTO `student_score` VALUES ('227537', '刀', 89, 63.00, 8.00, 53.33, 98.00, 'B');
INSERT INTO `student_score` VALUES ('227848', '妮徐陋', 35, 39.00, 58.00, 44.00, 19.00, 'C');
INSERT INTO `student_score` VALUES ('228640', '东', 56, 79.00, 83.00, 72.67, 38.00, 'C');
INSERT INTO `student_score` VALUES ('228732', '草螟叛', 54, 58.00, 95.00, 69.00, 78.00, 'B');
INSERT INTO `student_score` VALUES ('228811', '腋掏迪映', 64, 13.00, 28.00, 35.00, 6.00, 'C');
INSERT INTO `student_score` VALUES ('229725', '回耶肋荐', 55, 99.00, 26.00, 60.00, 4.00, 'C');
INSERT INTO `student_score` VALUES ('230104', '焙劲', 63, 23.00, 66.00, 50.67, 83.00, 'B');
INSERT INTO `student_score` VALUES ('230246', '腥楞妥覆', 80, 12.00, 37.00, 43.00, 42.00, 'C');
INSERT INTO `student_score` VALUES ('230372', '插焕碌', 7, 40.00, 89.00, 45.33, 11.00, 'C');
INSERT INTO `student_score` VALUES ('230631', '伺', 7, 77.00, 89.00, 57.67, 21.00, 'C');
INSERT INTO `student_score` VALUES ('232247', '建', 70, 5.00, 47.00, 40.67, 2.00, 'C');
INSERT INTO `student_score` VALUES ('232454', '算', 87, 87.00, 87.00, 87.00, 7.00, 'C');
INSERT INTO `student_score` VALUES ('234324', '静流', 100, 100.00, 100.00, 100.00, 100.00, 'A');
INSERT INTO `student_score` VALUES ('234634', '危瞎袱雌', 20, 20.00, 13.00, 17.67, 69.00, 'C');
INSERT INTO `student_score` VALUES ('235894', '铡节镍', 1, 69.00, 33.00, 34.33, 70.00, 'C');
INSERT INTO `student_score` VALUES ('236142', '镇钟屠', 12, 0.00, 99.00, 37.00, 93.00, 'C');
INSERT INTO `student_score` VALUES ('236478', '固怠', 20, 40.00, 32.00, 30.67, 58.00, 'C');
INSERT INTO `student_score` VALUES ('237925', '付寒', 98, 21.00, 85.00, 68.00, 73.00, 'B');
INSERT INTO `student_score` VALUES ('238304', '娘校', 48, 84.00, 45.00, 59.00, 65.00, 'B');
INSERT INTO `student_score` VALUES ('238444', '溅讫', 90, 87.00, 84.00, 87.00, 17.00, 'C');
INSERT INTO `student_score` VALUES ('239393', '贞', 86, 15.00, 79.00, 60.00, 18.00, 'C');
INSERT INTO `student_score` VALUES ('240101', '郭利', 52, 42.00, 74.00, 56.00, 67.00, 'B');
INSERT INTO `student_score` VALUES ('240223', '畸珠', 62, 52.00, 35.00, 49.67, 9.00, 'C');
INSERT INTO `student_score` VALUES ('240310', '骂翱荔掳', 1, 42.00, 25.00, 22.67, 15.00, 'C');
INSERT INTO `student_score` VALUES ('240432', '撬廉销靠', 5, 50.00, 86.00, 47.00, 83.00, 'B');
INSERT INTO `student_score` VALUES ('241046', '搂掣槽日妮', 42, 50.00, 35.00, 42.33, 79.00, 'C');
INSERT INTO `student_score` VALUES ('241132', '掩通', 79, 68.00, 44.00, 63.67, 54.00, 'C');
INSERT INTO `student_score` VALUES ('244458', '挞馆梦', 6, 57.00, 61.00, 41.33, 84.00, 'C');
INSERT INTO `student_score` VALUES ('244883', '氓', 85, 31.00, 18.00, 44.67, 43.00, 'C');
INSERT INTO `student_score` VALUES ('245565', '刚梢', 4, 27.00, 27.00, 19.33, 76.00, 'C');
INSERT INTO `student_score` VALUES ('246635', '蜘', 68, 59.00, 77.00, 68.00, 17.00, 'C');
INSERT INTO `student_score` VALUES ('247912', '齐摄苞', 3, 99.00, 70.00, 57.33, 3.00, 'C');
INSERT INTO `student_score` VALUES ('248218', '桃忙', 59, 23.00, 88.00, 56.67, 2.00, 'C');
INSERT INTO `student_score` VALUES ('249225', '糟瞎南', 14, 49.00, 40.00, 34.33, 11.00, 'C');
INSERT INTO `student_score` VALUES ('250577', '排', 11, 2.00, 91.00, 34.67, 81.00, 'C');
INSERT INTO `student_score` VALUES ('250722', '敌侠', 55, 41.00, 87.00, 61.00, 97.00, 'B');
INSERT INTO `student_score` VALUES ('251012', '互', 42, 73.00, 36.00, 50.33, 99.00, 'B');
INSERT INTO `student_score` VALUES ('251565', '猎十', 39, 24.00, 51.00, 38.00, 92.00, 'C');
INSERT INTO `student_score` VALUES ('253299', '边', 47, 91.00, 81.00, 73.00, 79.00, 'B');
INSERT INTO `student_score` VALUES ('253505', '亩技畏眶', 10, 75.00, 36.00, 40.33, 2.00, 'C');
INSERT INTO `student_score` VALUES ('253733', '斥', 39, 28.00, 32.00, 33.00, 34.00, 'C');
INSERT INTO `student_score` VALUES ('254240', '眩', 95, 93.00, 82.00, 90.00, 75.00, 'B');
INSERT INTO `student_score` VALUES ('254600', '寅颠', 77, 81.00, 69.00, 75.67, 81.00, 'B');
INSERT INTO `student_score` VALUES ('254829', '掩', 10, 26.00, 11.00, 15.67, 8.00, 'C');
INSERT INTO `student_score` VALUES ('255096', '矢', 76, 59.00, 8.00, 47.67, 11.00, 'C');
INSERT INTO `student_score` VALUES ('256068', '蛰酥弯', 88, 32.00, 28.00, 49.33, 96.00, 'B');
INSERT INTO `student_score` VALUES ('256269', '略', 27, 68.00, 2.00, 32.33, 44.00, 'C');
INSERT INTO `student_score` VALUES ('256627', '癣', 39, 60.00, 27.00, 42.00, 98.00, 'B');
INSERT INTO `student_score` VALUES ('257021', '妻', 23, 12.00, 93.00, 42.67, 22.00, 'C');
INSERT INTO `student_score` VALUES ('257509', '对绑', 60, 92.00, 38.00, 63.33, 87.00, 'B');
INSERT INTO `student_score` VALUES ('257650', '热', 11, 9.00, 72.00, 30.67, 86.00, 'C');
INSERT INTO `student_score` VALUES ('257673', '揖哇不', 65, 64.00, 3.00, 44.00, 12.00, 'C');
INSERT INTO `student_score` VALUES ('257688', '携守鲜', 93, 13.00, 98.00, 68.00, 29.00, 'C');
INSERT INTO `student_score` VALUES ('258065', '直万主禾葡', 64, 39.00, 20.00, 41.00, 61.00, 'C');
INSERT INTO `student_score` VALUES ('258273', '历', 0, 5.00, 10.00, 5.00, 28.00, 'C');
INSERT INTO `student_score` VALUES ('258522', '蔗矿', 49, 0.00, 94.00, 47.67, 96.00, 'B');
INSERT INTO `student_score` VALUES ('260237', '白宠集钨', 29, 49.00, 32.00, 36.67, 89.00, 'C');
INSERT INTO `student_score` VALUES ('260389', '珐诉诲', 2, 0.00, 92.00, 31.33, 72.00, 'C');
INSERT INTO `student_score` VALUES ('260452', '瓤延肿', 85, 79.00, 0.00, 54.67, 67.00, 'C');
INSERT INTO `student_score` VALUES ('260528', '煤跌拘', 20, 84.00, 38.00, 47.33, 41.00, 'C');
INSERT INTO `student_score` VALUES ('261283', '柒哺', 1, 58.00, 20.00, 26.33, 92.00, 'C');
INSERT INTO `student_score` VALUES ('261653', '敏嚣', 81, 91.00, 71.00, 81.00, 70.00, 'B');
INSERT INTO `student_score` VALUES ('263132', '雨', 96, 63.00, 92.00, 83.67, 20.00, 'C');
INSERT INTO `student_score` VALUES ('263194', '章雷惩', 18, 71.00, 89.00, 59.33, 47.00, 'C');
INSERT INTO `student_score` VALUES ('263883', '辨摘', 96, 2.00, 37.00, 45.00, 97.00, 'B');
INSERT INTO `student_score` VALUES ('263969', '答夺', 39, 81.00, 68.00, 62.67, 23.00, 'C');
INSERT INTO `student_score` VALUES ('264485', '国艰逢', 5, 23.00, 26.00, 18.00, 56.00, 'C');
INSERT INTO `student_score` VALUES ('264599', '腊劳', 41, 53.00, 81.00, 58.33, 42.00, 'C');
INSERT INTO `student_score` VALUES ('265503', '肩湛', 10, 39.00, 14.00, 21.00, 14.00, 'C');
INSERT INTO `student_score` VALUES ('266639', '半等齐', 90, 77.00, 65.00, 77.33, 21.00, 'C');
INSERT INTO `student_score` VALUES ('267382', '贱', 48, 15.00, 96.00, 53.00, 36.00, 'C');
INSERT INTO `student_score` VALUES ('267485', '藉浇绽', 96, 68.00, 49.00, 71.00, 98.00, 'B');
INSERT INTO `student_score` VALUES ('268201', '潍开贾次逊', 17, 85.00, 56.00, 52.67, 22.00, 'C');
INSERT INTO `student_score` VALUES ('268637', '终火', 25, 85.00, 81.00, 63.67, 15.00, 'C');
INSERT INTO `student_score` VALUES ('268883', '欧牧芯坛', 99, 50.00, 1.00, 50.00, 79.00, 'B');
INSERT INTO `student_score` VALUES ('268955', '涵弄', 36, 40.00, 40.00, 38.67, 49.00, 'C');
INSERT INTO `student_score` VALUES ('269234', '狸敲萨', 46, 99.00, 19.00, 54.67, 9.00, 'C');
INSERT INTO `student_score` VALUES ('269864', '碎千烷奢墓', 53, 59.00, 35.00, 49.00, 63.00, 'C');
INSERT INTO `student_score` VALUES ('269947', '拆露坊南', 93, 75.00, 47.00, 71.67, 60.00, 'B');
INSERT INTO `student_score` VALUES ('273710', '尿搽矿畸', 14, 85.00, 89.00, 62.67, 79.00, 'B');
INSERT INTO `student_score` VALUES ('274461', '炎瘫', 12, 26.00, 90.00, 42.67, 67.00, 'C');
INSERT INTO `student_score` VALUES ('274664', '硒镭', 95, 46.00, 1.00, 47.33, 62.00, 'C');
INSERT INTO `student_score` VALUES ('274990', '貉嘘', 29, 16.00, 41.00, 28.67, 81.00, 'C');
INSERT INTO `student_score` VALUES ('275180', '醋瘴胶', 58, 88.00, 76.00, 74.00, 57.00, 'B');
INSERT INTO `student_score` VALUES ('275827', '洛勇', 46, 28.00, 27.00, 33.67, 93.00, 'C');
INSERT INTO `student_score` VALUES ('276084', '光汐绦沾', 30, 16.00, 78.00, 41.33, 81.00, 'C');
INSERT INTO `student_score` VALUES ('276274', '映勃', 27, 22.00, 23.00, 24.00, 97.00, 'C');
INSERT INTO `student_score` VALUES ('276752', '拒搓竞', 5, 34.00, 28.00, 22.33, 71.00, 'C');
INSERT INTO `student_score` VALUES ('277343', '姻河竖蹈', 70, 67.00, 97.00, 78.00, 54.00, 'B');
INSERT INTO `student_score` VALUES ('278549', '造斡', 39, 10.00, 12.00, 20.33, 15.00, 'C');
INSERT INTO `student_score` VALUES ('278556', '涨篙喝妻', 77, 11.00, 10.00, 32.67, 14.00, 'C');
INSERT INTO `student_score` VALUES ('279761', '禁硫', 58, 40.00, 88.00, 62.00, 33.00, 'C');
INSERT INTO `student_score` VALUES ('28', '到家', 31, 12.00, 21.00, 21.33, 41.00, 'D');
INSERT INTO `student_score` VALUES ('280500', '诡', 10, 13.00, 89.00, 37.33, 12.00, 'C');
INSERT INTO `student_score` VALUES ('281178', '抑绞', 86, 82.00, 57.00, 75.00, 27.00, 'C');
INSERT INTO `student_score` VALUES ('281250', '歉柴板', 64, 17.00, 48.00, 43.00, 91.00, 'B');
INSERT INTO `student_score` VALUES ('282893', '恋腥降', 71, 7.00, 35.00, 37.67, 26.00, 'C');
INSERT INTO `student_score` VALUES ('283233', '椰艺迪叫到', 95, 40.00, 94.00, 76.33, 54.00, 'B');
INSERT INTO `student_score` VALUES ('283341', '体钨挚', 85, 50.00, 25.00, 53.33, 2.00, 'C');
INSERT INTO `student_score` VALUES ('285235', '泥步', 37, 70.00, 97.00, 68.00, 88.00, 'B');
INSERT INTO `student_score` VALUES ('285386', '赔', 55, 49.00, 99.00, 67.67, 67.00, 'B');
INSERT INTO `student_score` VALUES ('285999', '辙青仍吠筛', 59, 60.00, 42.00, 53.67, 4.00, 'C');
INSERT INTO `student_score` VALUES ('287217', '汰触滴', 23, 57.00, 43.00, 41.00, 72.00, 'C');
INSERT INTO `student_score` VALUES ('287974', '狂镀', 61, 81.00, 44.00, 62.00, 77.00, 'B');
INSERT INTO `student_score` VALUES ('288030', '础赋袁努', 57, 95.00, 34.00, 62.00, 71.00, 'B');
INSERT INTO `student_score` VALUES ('288421', '闪唐', 96, 87.00, 9.00, 64.00, 93.00, 'B');
INSERT INTO `student_score` VALUES ('288639', '碉哉净迢', 7, 37.00, 49.00, 31.00, 0.00, 'C');
INSERT INTO `student_score` VALUES ('289146', '柿', 78, 7.00, 9.00, 31.33, 19.00, 'C');
INSERT INTO `student_score` VALUES ('289634', '冯辕', 88, 5.00, 89.00, 60.67, 88.00, 'B');
INSERT INTO `student_score` VALUES ('289862', '菊', 33, 53.00, 24.00, 36.67, 24.00, 'C');
INSERT INTO `student_score` VALUES ('291995', '拔窍', 12, 97.00, 35.00, 48.00, 8.00, 'C');
INSERT INTO `student_score` VALUES ('292130', '腿坪', 48, 39.00, 45.00, 44.00, 58.00, 'C');
INSERT INTO `student_score` VALUES ('292165', '一睡', 81, 92.00, 96.00, 89.67, 30.00, 'B');
INSERT INTO `student_score` VALUES ('292592', '闯研', 30, 83.00, 56.00, 56.33, 52.00, 'C');
INSERT INTO `student_score` VALUES ('292799', '丘', 67, 21.00, 50.00, 46.00, 36.00, 'C');
INSERT INTO `student_score` VALUES ('293274', '蝴', 2, 75.00, 71.00, 49.33, 2.00, 'C');
INSERT INTO `student_score` VALUES ('293822', '卞励', 54, 26.00, 1.00, 27.00, 8.00, 'C');
INSERT INTO `student_score` VALUES ('294007', '奔', 28, 90.00, 59.00, 59.00, 88.00, 'B');
INSERT INTO `student_score` VALUES ('294275', '擞三', 31, 22.00, 51.00, 34.67, 23.00, 'C');
INSERT INTO `student_score` VALUES ('294723', '思考的合法', 76, 23.00, 5.00, 34.67, 5.00, 'C');
INSERT INTO `student_score` VALUES ('296346', '为诀涡', 96, 60.00, 35.00, 63.67, 40.00, 'C');
INSERT INTO `student_score` VALUES ('297500', '被劳撼棵', 78, 20.00, 71.00, 56.33, 81.00, 'B');
INSERT INTO `student_score` VALUES ('298406', '络', 87, 20.00, 71.00, 59.33, 93.00, 'B');
INSERT INTO `student_score` VALUES ('299725', '楞苟', 65, 34.00, 72.00, 57.00, 8.00, 'C');
INSERT INTO `student_score` VALUES ('300296', '乍豫', 71, 52.00, 81.00, 68.00, 73.00, 'B');
INSERT INTO `student_score` VALUES ('302039', '咒', 13, 32.00, 26.00, 23.67, 5.00, 'C');
INSERT INTO `student_score` VALUES ('303042', '吝萎蛆呈', 90, 5.00, 29.00, 41.33, 90.00, 'B');
INSERT INTO `student_score` VALUES ('303961', '剪', 22, 77.00, 99.00, 66.00, 19.00, 'C');
INSERT INTO `student_score` VALUES ('304166', '晚鸥', 61, 32.00, 2.00, 31.67, 63.00, 'C');
INSERT INTO `student_score` VALUES ('304845', '侮朝刷', 22, 23.00, 34.00, 26.33, 55.00, 'C');
INSERT INTO `student_score` VALUES ('304985', '迷虚驭', 90, 21.00, 32.00, 47.67, 25.00, 'C');
INSERT INTO `student_score` VALUES ('306206', '饶蒙坍月', 57, 38.00, 77.00, 57.33, 43.00, 'C');
INSERT INTO `student_score` VALUES ('308405', '厕考怠', 55, 24.00, 49.00, 42.67, 68.00, 'C');
INSERT INTO `student_score` VALUES ('309519', '蹬予', 9, 23.00, 97.00, 43.00, 72.00, 'C');
INSERT INTO `student_score` VALUES ('309793', '糙票攻栽', 12, 40.00, 28.00, 26.67, 78.00, 'C');
INSERT INTO `student_score` VALUES ('31', '绝对', 23, 23.00, 32.00, 26.00, 322.00, 'A');
INSERT INTO `student_score` VALUES ('310468', '帆羞嚷输', 93, 14.00, 36.00, 47.67, 86.00, 'B');
INSERT INTO `student_score` VALUES ('311111', '磕戍否', 18, 68.00, 49.00, 45.00, 21.00, 'C');
INSERT INTO `student_score` VALUES ('311776', '豌正呛糯', 83, 10.00, 95.00, 62.67, 11.00, 'C');
INSERT INTO `student_score` VALUES ('311801', '柑逗匿特', 94, 71.00, 86.00, 83.67, 22.00, 'C');
INSERT INTO `student_score` VALUES ('312230', '袖猾里', 63, 35.00, 79.00, 59.00, 29.00, 'C');
INSERT INTO `student_score` VALUES ('312663', '愚龚靛', 53, 13.00, 96.00, 54.00, 13.00, 'C');
INSERT INTO `student_score` VALUES ('312701', '洛察窜塌藤', 16, 19.00, 12.00, 15.67, 64.00, 'C');
INSERT INTO `student_score` VALUES ('312761', '讶迫钩', 85, 45.00, 83.00, 71.00, 68.00, 'B');
INSERT INTO `student_score` VALUES ('313232', '朔', 7, 58.00, 38.00, 34.33, 30.00, 'C');
INSERT INTO `student_score` VALUES ('313375', '锄洒筐', 81, 52.00, 61.00, 64.67, 49.00, 'C');
INSERT INTO `student_score` VALUES ('315033', '刀', 91, 11.00, 51.00, 51.00, 33.00, 'C');
INSERT INTO `student_score` VALUES ('315787', '殉', 54, 93.00, 95.00, 80.67, 92.00, 'B');
INSERT INTO `student_score` VALUES ('317725', '绚叛吁碱惮', 37, 81.00, 60.00, 59.33, 46.00, 'C');
INSERT INTO `student_score` VALUES ('317847', '客矣', 71, 97.00, 13.00, 60.33, 51.00, 'C');
INSERT INTO `student_score` VALUES ('318534', '戒', 92, 8.00, 0.00, 33.33, 2.00, 'C');
INSERT INTO `student_score` VALUES ('318880', '戊', 82, 24.00, 3.00, 36.33, 78.00, 'C');
INSERT INTO `student_score` VALUES ('319254', '菏扳祈伙瞒', 73, 78.00, 54.00, 68.33, 17.00, 'C');
INSERT INTO `student_score` VALUES ('319769', '梆仪', 29, 32.00, 84.00, 48.33, 66.00, 'C');
INSERT INTO `student_score` VALUES ('319882', '慨', 86, 56.00, 78.00, 73.33, 55.00, 'B');
INSERT INTO `student_score` VALUES ('320047', '邱恨每杯', 32, 3.00, 67.00, 34.00, 44.00, 'C');
INSERT INTO `student_score` VALUES ('320337', '菜坟谓', 56, 36.00, 68.00, 53.33, 18.00, 'C');
INSERT INTO `student_score` VALUES ('320681', '铜', 86, 81.00, 82.00, 83.00, 71.00, 'B');
INSERT INTO `student_score` VALUES ('321027', '闰浅', 83, 78.00, 52.00, 71.00, 4.00, 'C');
INSERT INTO `student_score` VALUES ('321253', '忿踩', 66, 84.00, 22.00, 57.33, 50.00, 'C');
INSERT INTO `student_score` VALUES ('321545', '贫', 19, 40.00, 69.00, 42.67, 12.00, 'C');
INSERT INTO `student_score` VALUES ('322040', '呐', 60, 67.00, 99.00, 75.33, 32.00, 'C');
INSERT INTO `student_score` VALUES ('322174', '氏', 11, 26.00, 88.00, 41.67, 32.00, 'C');
INSERT INTO `student_score` VALUES ('322343', '适当放宽了', 56, 56.00, 65.00, 59.00, 89.00, 'B');
INSERT INTO `student_score` VALUES ('322388', '导贾借', 93, 14.00, 61.00, 56.00, 93.00, 'B');
INSERT INTO `student_score` VALUES ('322390', '议扮迂', 58, 5.00, 76.00, 46.33, 12.00, 'C');
INSERT INTO `student_score` VALUES ('322843', '歇欠', 51, 19.00, 40.00, 36.67, 56.00, 'C');
INSERT INTO `student_score` VALUES ('323132', '拼', 30, 12.00, 49.00, 30.33, 65.00, 'C');
INSERT INTO `student_score` VALUES ('323209', '镶妨满', 24, 63.00, 42.00, 43.00, 54.00, 'C');
INSERT INTO `student_score` VALUES ('323983', '肩况伶规谓', 97, 54.00, 68.00, 73.00, 5.00, 'C');
INSERT INTO `student_score` VALUES ('324035', '尸慎', 57, 30.00, 91.00, 59.33, 89.00, 'B');
INSERT INTO `student_score` VALUES ('324323', '公开', 0, 0.00, 0.00, 0.00, 0.00, 'C');
INSERT INTO `student_score` VALUES ('324505', '烘昭运血', 47, 92.00, 41.00, 60.00, 33.00, 'C');
INSERT INTO `student_score` VALUES ('324922', '项女', 53, 1.00, 58.00, 37.33, 40.00, 'C');
INSERT INTO `student_score` VALUES ('326173', '区汕', 85, 65.00, 92.00, 80.67, 91.00, 'B');
INSERT INTO `student_score` VALUES ('327609', '靴伤', 96, 92.00, 91.00, 93.00, 64.00, 'B');
INSERT INTO `student_score` VALUES ('328026', '嗽痔', 0, 88.00, 48.00, 45.33, 18.00, 'C');
INSERT INTO `student_score` VALUES ('328465', '渊膊', 40, 19.00, 11.00, 23.33, 23.00, 'C');
INSERT INTO `student_score` VALUES ('328677', '鹏沾栓', 79, 59.00, 33.00, 57.00, 20.00, 'C');
INSERT INTO `student_score` VALUES ('329650', '妇廊毅凹', 18, 15.00, 59.00, 30.67, 36.00, 'C');
INSERT INTO `student_score` VALUES ('330660', '闰类批', 27, 84.00, 35.00, 48.67, 48.00, 'C');
INSERT INTO `student_score` VALUES ('330949', '枪', 30, 47.00, 46.00, 41.00, 90.00, 'B');
INSERT INTO `student_score` VALUES ('331361', '具喂', 17, 24.00, 1.00, 14.00, 94.00, 'C');
INSERT INTO `student_score` VALUES ('331559', '该射炒', 10, 10.00, 73.00, 31.00, 11.00, 'C');
INSERT INTO `student_score` VALUES ('331770', '三迪淹', 70, 75.00, 94.00, 79.67, 80.00, 'B');
INSERT INTO `student_score` VALUES ('331931', '宋斌秀骡', 22, 54.00, 9.00, 28.33, 56.00, 'C');
INSERT INTO `student_score` VALUES ('332045', '型厘挑', 79, 49.00, 45.00, 57.67, 72.00, 'B');
INSERT INTO `student_score` VALUES ('332084', '澈赫程碑痛', 86, 64.00, 61.00, 70.33, 49.00, 'B');
INSERT INTO `student_score` VALUES ('333805', '程特蚊', 57, 36.00, 4.00, 32.33, 15.00, 'C');
INSERT INTO `student_score` VALUES ('334740', '苹详', 65, 39.00, 92.00, 65.33, 40.00, 'C');
INSERT INTO `student_score` VALUES ('335977', '端扦稽', 9, 69.00, 75.00, 51.00, 83.00, 'B');
INSERT INTO `student_score` VALUES ('336745', '抗郑浴', 67, 69.00, 85.00, 73.67, 35.00, 'C');
INSERT INTO `student_score` VALUES ('338023', '硕垮睦', 94, 32.00, 27.00, 51.00, 79.00, 'B');
INSERT INTO `student_score` VALUES ('339833', '哦标', 25, 87.00, 54.00, 55.33, 50.00, 'C');
INSERT INTO `student_score` VALUES ('342123', '三等功', 53, 75.00, 8.00, 45.33, 46.00, 'C');
INSERT INTO `student_score` VALUES ('343343', '广东', 0, 0.00, 0.00, 0.00, 0.00, 'C');
INSERT INTO `student_score` VALUES ('343606', '内嚼', 18, 87.00, 63.00, 56.00, 69.00, 'B');
INSERT INTO `student_score` VALUES ('344324', '四个', 54, 87.00, 5.00, 48.67, 52.00, 'C');
INSERT INTO `student_score` VALUES ('345202', '医护', 34, 97.00, 58.00, 63.00, 73.00, 'B');
INSERT INTO `student_score` VALUES ('345419', '绝醇乃', 85, 27.00, 51.00, 54.33, 81.00, 'B');
INSERT INTO `student_score` VALUES ('345863', '煽', 6, 8.00, 97.00, 37.00, 19.00, 'C');
INSERT INTO `student_score` VALUES ('346936', '硅杉', 43, 72.00, 26.00, 47.00, 95.00, 'B');
INSERT INTO `student_score` VALUES ('347111', '载晤技', 23, 24.00, 1.00, 16.00, 57.00, 'C');
INSERT INTO `student_score` VALUES ('347117', '吟佯箭', 74, 85.00, 76.00, 78.33, 92.00, 'B');
INSERT INTO `student_score` VALUES ('347872', '簧呸', 39, 95.00, 37.00, 57.00, 63.00, 'C');
INSERT INTO `student_score` VALUES ('349532', '额', 33, 70.00, 67.00, 56.67, 13.00, 'C');
INSERT INTO `student_score` VALUES ('351007', '奥', 83, 6.00, 75.00, 54.67, 46.00, 'C');
INSERT INTO `student_score` VALUES ('352063', '蜗积', 24, 81.00, 71.00, 58.67, 58.00, 'C');
INSERT INTO `student_score` VALUES ('352413', '浆', 95, 70.00, 7.00, 57.33, 9.00, 'C');
INSERT INTO `student_score` VALUES ('353650', '详诲泼技完', 78, 29.00, 23.00, 43.33, 92.00, 'B');
INSERT INTO `student_score` VALUES ('354096', '蓄鞋', 72, 41.00, 0.00, 37.67, 57.00, 'C');
INSERT INTO `student_score` VALUES ('355264', '枢毅氰陀', 17, 42.00, 16.00, 25.00, 89.00, 'C');
INSERT INTO `student_score` VALUES ('357154', '竣', 17, 76.00, 86.00, 59.67, 26.00, 'C');
INSERT INTO `student_score` VALUES ('359788', '料美律棠献', 83, 96.00, 0.00, 59.67, 90.00, 'B');
INSERT INTO `student_score` VALUES ('360596', '罐顾冉锐', 89, 85.00, 66.00, 80.00, 29.00, 'C');
INSERT INTO `student_score` VALUES ('360778', '酶', 27, 76.00, 3.00, 35.33, 61.00, 'C');
INSERT INTO `student_score` VALUES ('360894', '巷窝渔', 64, 50.00, 37.00, 50.33, 70.00, 'C');
INSERT INTO `student_score` VALUES ('360903', '赖芒七煮', 69, 31.00, 43.00, 47.67, 3.00, 'C');
INSERT INTO `student_score` VALUES ('360991', '蕉', 3, 90.00, 60.00, 51.00, 71.00, 'C');
INSERT INTO `student_score` VALUES ('361848', '踌烷', 96, 9.00, 50.00, 51.67, 85.00, 'B');
INSERT INTO `student_score` VALUES ('362102', '钝倘恭', 7, 75.00, 56.00, 46.00, 15.00, 'C');
INSERT INTO `student_score` VALUES ('362862', '瞧诉括龙', 52, 31.00, 4.00, 29.00, 19.00, 'C');
INSERT INTO `student_score` VALUES ('363786', '截旬渺', 99, 47.00, 16.00, 54.00, 38.00, 'C');
INSERT INTO `student_score` VALUES ('364200', '避屁排', 27, 49.00, 40.00, 38.67, 67.00, 'C');
INSERT INTO `student_score` VALUES ('364566', '瑚', 70, 27.00, 91.00, 62.67, 52.00, 'C');
INSERT INTO `student_score` VALUES ('364827', '瓮舶', 51, 77.00, 38.00, 55.33, 24.00, 'C');
INSERT INTO `student_score` VALUES ('365432', '三等功', 76, 98.00, 45.00, 73.00, 34.00, 'C');
INSERT INTO `student_score` VALUES ('366379', '遁牢', 7, 23.00, 13.00, 14.33, 0.00, 'C');
INSERT INTO `student_score` VALUES ('366420', '沙', 24, 74.00, 15.00, 37.67, 62.00, 'C');
INSERT INTO `student_score` VALUES ('367537', '酝遍惩', 8, 91.00, 78.00, 59.00, 73.00, 'B');
INSERT INTO `student_score` VALUES ('369323', '鸽', 69, 8.00, 44.00, 40.33, 44.00, 'C');
INSERT INTO `student_score` VALUES ('369838', '落木', 17, 25.00, 30.00, 24.00, 86.00, 'C');
INSERT INTO `student_score` VALUES ('370371', '沉戎蜀媒捣', 42, 64.00, 49.00, 51.67, 27.00, 'C');
INSERT INTO `student_score` VALUES ('370521', '幸葫荣', 42, 12.00, 30.00, 28.00, 40.00, 'C');
INSERT INTO `student_score` VALUES ('370966', '改钮', 68, 83.00, 12.00, 54.33, 76.00, 'B');
INSERT INTO `student_score` VALUES ('371437', '昭', 20, 9.00, 30.00, 19.67, 99.00, 'C');
INSERT INTO `student_score` VALUES ('372048', '凸斜', 44, 60.00, 66.00, 56.67, 69.00, 'B');
INSERT INTO `student_score` VALUES ('372062', '渴钡蒲', 98, 51.00, 39.00, 62.67, 28.00, 'C');
INSERT INTO `student_score` VALUES ('373316', '牡厕', 61, 88.00, 60.00, 69.67, 4.00, 'C');
INSERT INTO `student_score` VALUES ('375041', '叭刑', 51, 89.00, 79.00, 73.00, 15.00, 'C');
INSERT INTO `student_score` VALUES ('375936', '仰氖棚', 4, 23.00, 56.00, 27.67, 23.00, 'C');
INSERT INTO `student_score` VALUES ('376691', '移泄', 46, 86.00, 42.00, 58.00, 69.00, 'B');
INSERT INTO `student_score` VALUES ('376745', '陈旦热', 42, 22.00, 48.00, 37.33, 94.00, 'B');
INSERT INTO `student_score` VALUES ('376814', '播苞鹃怪筋', 12, 59.00, 86.00, 52.33, 72.00, 'B');
INSERT INTO `student_score` VALUES ('377716', '公累', 72, 92.00, 75.00, 79.67, 90.00, 'B');
INSERT INTO `student_score` VALUES ('378390', '优妻理', 38, 30.00, 8.00, 25.33, 90.00, 'C');
INSERT INTO `student_score` VALUES ('379171', '厚也瑰', 58, 36.00, 98.00, 64.00, 22.00, 'C');
INSERT INTO `student_score` VALUES ('380353', '廖仙桂琐逞', 70, 73.00, 43.00, 62.00, 97.00, 'B');
INSERT INTO `student_score` VALUES ('380506', '沫钙筋昏', 99, 17.00, 44.00, 53.33, 24.00, 'C');
INSERT INTO `student_score` VALUES ('380515', '弘勾涉', 8, 44.00, 51.00, 34.33, 39.00, 'C');
INSERT INTO `student_score` VALUES ('381843', '肮玛饱氟', 46, 39.00, 16.00, 33.67, 64.00, 'C');
INSERT INTO `student_score` VALUES ('381925', '泣嚎积', 50, 81.00, 24.00, 51.67, 54.00, 'C');
INSERT INTO `student_score` VALUES ('382117', '南办讨', 29, 48.00, 46.00, 41.00, 57.00, 'C');
INSERT INTO `student_score` VALUES ('382406', '恨巳公徘', 66, 28.00, 53.00, 49.00, 48.00, 'C');
INSERT INTO `student_score` VALUES ('382715', '侯勇骆争', 76, 23.00, 82.00, 60.33, 48.00, 'C');
INSERT INTO `student_score` VALUES ('383448', '讼宇效', 96, 32.00, 46.00, 58.00, 11.00, 'C');
INSERT INTO `student_score` VALUES ('384978', '沉', 82, 84.00, 14.00, 60.00, 52.00, 'C');
INSERT INTO `student_score` VALUES ('388287', '簇衫硕', 80, 6.00, 39.00, 41.67, 83.00, 'C');
INSERT INTO `student_score` VALUES ('388352', '婿牡此耐', 62, 85.00, 54.00, 67.00, 41.00, 'C');
INSERT INTO `student_score` VALUES ('388670', '棍斗', 18, 27.00, 83.00, 42.67, 57.00, 'C');
INSERT INTO `student_score` VALUES ('389415', '元主斡课', 87, 48.00, 43.00, 59.33, 2.00, 'C');
INSERT INTO `student_score` VALUES ('389482', '古', 39, 29.00, 2.00, 23.33, 1.00, 'C');
INSERT INTO `student_score` VALUES ('389599', '峰', 51, 77.00, 9.00, 45.67, 63.00, 'C');
INSERT INTO `student_score` VALUES ('391985', '从享', 55, 73.00, 18.00, 48.67, 11.00, 'C');
INSERT INTO `student_score` VALUES ('392432', '妥旗墨肢', 93, 67.00, 43.00, 67.67, 75.00, 'B');
INSERT INTO `student_score` VALUES ('393544', '从验导', 54, 44.00, 20.00, 39.33, 20.00, 'C');
INSERT INTO `student_score` VALUES ('394397', '巳榜屋', 71, 31.00, 77.00, 59.67, 64.00, 'B');
INSERT INTO `student_score` VALUES ('394781', '搭箍', 35, 89.00, 88.00, 70.67, 23.00, 'C');
INSERT INTO `student_score` VALUES ('395126', '萄阴宽', 33, 35.00, 13.00, 27.00, 91.00, 'C');
INSERT INTO `student_score` VALUES ('395575', '地', 60, 94.00, 36.00, 63.33, 54.00, 'C');
INSERT INTO `student_score` VALUES ('395957', '蔑拿焊', 18, 46.00, 33.00, 32.33, 27.00, 'C');
INSERT INTO `student_score` VALUES ('397296', '容谗别', 65, 17.00, 49.00, 43.67, 3.00, 'C');
INSERT INTO `student_score` VALUES ('398521', '葵判霉汹', 87, 66.00, 10.00, 54.33, 74.00, 'B');
INSERT INTO `student_score` VALUES ('398560', '慕', 24, 70.00, 65.00, 53.00, 30.00, 'C');
INSERT INTO `student_score` VALUES ('399633', '躁蛇', 65, 41.00, 16.00, 40.67, 86.00, 'C');
INSERT INTO `student_score` VALUES ('399818', '症粉', 26, 84.00, 19.00, 43.00, 62.00, 'C');
INSERT INTO `student_score` VALUES ('4', '王灿銮爸爸', 12, 75.00, 19.00, 35.33, 47.00, 'D');
INSERT INTO `student_score` VALUES ('400145', '蓬', 47, 52.00, 10.00, 36.33, 72.00, 'C');
INSERT INTO `student_score` VALUES ('400314', '画', 75, 79.00, 38.00, 64.00, 94.00, 'B');
INSERT INTO `student_score` VALUES ('400739', '援', 62, 48.00, 71.00, 60.33, 12.00, 'C');
INSERT INTO `student_score` VALUES ('402161', '掘磷', 82, 90.00, 69.00, 80.33, 28.00, 'C');
INSERT INTO `student_score` VALUES ('402986', '矽', 67, 38.00, 5.00, 36.67, 35.00, 'C');
INSERT INTO `student_score` VALUES ('403601', '坞稳玛鸟', 56, 9.00, 83.00, 49.33, 13.00, 'C');
INSERT INTO `student_score` VALUES ('403921', '赔泰毙骤', 69, 75.00, 78.00, 74.00, 51.00, 'B');
INSERT INTO `student_score` VALUES ('404355', '掇诵尉', 16, 83.00, 17.00, 38.67, 40.00, 'C');
INSERT INTO `student_score` VALUES ('405273', '紧臀', 40, 97.00, 27.00, 54.67, 68.00, 'B');
INSERT INTO `student_score` VALUES ('406085', '闹擅', 90, 32.00, 15.00, 45.67, 1.00, 'C');
INSERT INTO `student_score` VALUES ('406314', '佑岂', 29, 79.00, 32.00, 46.67, 62.00, 'C');
INSERT INTO `student_score` VALUES ('406411', '恭贱洲', 97, 33.00, 23.00, 51.00, 10.00, 'C');
INSERT INTO `student_score` VALUES ('407477', '彻赁穗', 98, 99.00, 26.00, 74.33, 21.00, 'C');
INSERT INTO `student_score` VALUES ('407772', '紊老由', 32, 96.00, 49.00, 59.00, 40.00, 'C');
INSERT INTO `student_score` VALUES ('408239', '岔', 85, 34.00, 96.00, 71.67, 9.00, 'C');
INSERT INTO `student_score` VALUES ('409394', '陕', 88, 76.00, 81.00, 81.67, 51.00, 'B');
INSERT INTO `student_score` VALUES ('409498', '瓷瞧', 50, 14.00, 41.00, 35.00, 43.00, 'C');
INSERT INTO `student_score` VALUES ('409856', '刺', 34, 79.00, 83.00, 65.33, 66.00, 'B');
INSERT INTO `student_score` VALUES ('410748', '民', 64, 9.00, 22.00, 31.67, 37.00, 'C');
INSERT INTO `student_score` VALUES ('411203', '想邢', 39, 13.00, 17.00, 23.00, 38.00, 'C');
INSERT INTO `student_score` VALUES ('411263', '稼勋', 24, 10.00, 97.00, 43.67, 24.00, 'C');
INSERT INTO `student_score` VALUES ('411353', '瓣婴', 33, 96.00, 36.00, 55.00, 62.00, 'C');
INSERT INTO `student_score` VALUES ('412379', '桑窄彤钮', 8, 9.00, 57.00, 24.67, 5.00, 'C');
INSERT INTO `student_score` VALUES ('413092', '缺', 89, 49.00, 97.00, 78.33, 24.00, 'C');
INSERT INTO `student_score` VALUES ('413406', '哇荷券灵诌', 50, 26.00, 29.00, 35.00, 47.00, 'C');
INSERT INTO `student_score` VALUES ('414092', '斟难鹃', 87, 7.00, 93.00, 62.33, 69.00, 'B');
INSERT INTO `student_score` VALUES ('414380', '炮', 99, 90.00, 5.00, 64.67, 66.00, 'B');
INSERT INTO `student_score` VALUES ('414610', '戍弦俄', 99, 3.00, 26.00, 42.67, 61.00, 'C');
INSERT INTO `student_score` VALUES ('414818', '歌钝惮', 73, 35.00, 39.00, 49.00, 52.00, 'C');
INSERT INTO `student_score` VALUES ('415473', '早掀', 22, 49.00, 95.00, 55.33, 11.00, 'C');
INSERT INTO `student_score` VALUES ('416017', '瞄', 75, 89.00, 57.00, 73.67, 50.00, 'B');
INSERT INTO `student_score` VALUES ('417184', '嘎', 66, 78.00, 47.00, 63.67, 72.00, 'B');
INSERT INTO `student_score` VALUES ('417191', '恋俺虾', 16, 0.00, 7.00, 7.67, 15.00, 'C');
INSERT INTO `student_score` VALUES ('417409', '劳喉砰', 81, 37.00, 42.00, 53.33, 12.00, 'C');
INSERT INTO `student_score` VALUES ('417758', '貌遮', 63, 99.00, 57.00, 73.00, 24.00, 'C');
INSERT INTO `student_score` VALUES ('420042', '摔边', 93, 70.00, 52.00, 71.67, 46.00, 'B');
INSERT INTO `student_score` VALUES ('422178', '黑愧', 89, 44.00, 43.00, 58.67, 82.00, 'B');
INSERT INTO `student_score` VALUES ('423727', '撇跃糊朴', 93, 46.00, 50.00, 63.00, 67.00, 'B');
INSERT INTO `student_score` VALUES ('423818', '挺论舰', 63, 32.00, 6.00, 33.67, 91.00, 'C');
INSERT INTO `student_score` VALUES ('424764', '篇', 25, 78.00, 11.00, 38.00, 34.00, 'C');
INSERT INTO `student_score` VALUES ('425804', '雇围氯', 46, 40.00, 12.00, 32.67, 14.00, 'C');
INSERT INTO `student_score` VALUES ('426529', '弃', 52, 17.00, 80.00, 49.67, 86.00, 'B');
INSERT INTO `student_score` VALUES ('426948', '燥', 65, 38.00, 63.00, 55.33, 2.00, 'C');
INSERT INTO `student_score` VALUES ('427884', '舶兜', 53, 97.00, 70.00, 73.33, 71.00, 'B');
INSERT INTO `student_score` VALUES ('428380', '筏贝', 79, 7.00, 46.00, 44.00, 6.00, 'C');
INSERT INTO `student_score` VALUES ('429057', '拖大', 75, 25.00, 25.00, 41.67, 85.00, 'C');
INSERT INTO `student_score` VALUES ('429151', '臆屏钾', 66, 69.00, 84.00, 73.00, 96.00, 'B');
INSERT INTO `student_score` VALUES ('429353', '停搽嘿', 3, 51.00, 49.00, 34.33, 97.00, 'C');
INSERT INTO `student_score` VALUES ('429717', '捐冻', 31, 50.00, 61.00, 47.33, 55.00, 'C');
INSERT INTO `student_score` VALUES ('431009', '侍似', 66, 94.00, 5.00, 55.00, 60.00, 'C');
INSERT INTO `student_score` VALUES ('431048', '烟席悯窃移', 5, 22.00, 79.00, 35.33, 64.00, 'C');
INSERT INTO `student_score` VALUES ('431303', '敞', 74, 41.00, 0.00, 38.33, 39.00, 'C');
INSERT INTO `student_score` VALUES ('431554', '撇腰', 96, 38.00, 60.00, 64.67, 75.00, 'B');
INSERT INTO `student_score` VALUES ('432514', '好蚕潜够', 41, 83.00, 24.00, 49.33, 6.00, 'C');
INSERT INTO `student_score` VALUES ('433232', '私房歌', 65, 6.00, 5.00, 25.33, 65.00, 'C');
INSERT INTO `student_score` VALUES ('433320', '口', 44, 88.00, 68.00, 66.67, 69.00, 'B');
INSERT INTO `student_score` VALUES ('433808', '鸦锨苟洽居', 28, 83.00, 28.00, 46.33, 20.00, 'C');
INSERT INTO `student_score` VALUES ('434790', '窘糊迂', 31, 34.00, 46.00, 37.00, 20.00, 'C');
INSERT INTO `student_score` VALUES ('434810', '襟挨', 43, 43.00, 88.00, 58.00, 85.00, 'B');
INSERT INTO `student_score` VALUES ('435434', '三个', 54, 3.00, 54.00, 37.00, 34.00, 'C');
INSERT INTO `student_score` VALUES ('437477', '喂葬铣漏耿', 14, 80.00, 29.00, 41.00, 61.00, 'C');
INSERT INTO `student_score` VALUES ('437535', '庭莉', 99, 74.00, 87.00, 86.67, 78.00, 'B');
INSERT INTO `student_score` VALUES ('438639', '嗣狄嘶', 1, 69.00, 58.00, 42.67, 99.00, 'B');
INSERT INTO `student_score` VALUES ('438807', '肖擒', 47, 98.00, 82.00, 75.67, 25.00, 'C');
INSERT INTO `student_score` VALUES ('439238', '蹿忍', 62, 87.00, 71.00, 73.33, 14.00, 'C');
INSERT INTO `student_score` VALUES ('439512', '三', 95, 0.00, 68.00, 54.33, 87.00, 'B');
INSERT INTO `student_score` VALUES ('440409', '伯疮画入纽', 54, 97.00, 36.00, 62.33, 9.00, 'C');
INSERT INTO `student_score` VALUES ('442120', '托钞衫', 62, 5.00, 99.00, 55.33, 12.00, 'C');
INSERT INTO `student_score` VALUES ('443364', '缄', 68, 69.00, 70.00, 69.00, 19.00, 'C');
INSERT INTO `student_score` VALUES ('443673', '圃一害傲', 60, 39.00, 6.00, 35.00, 24.00, 'C');
INSERT INTO `student_score` VALUES ('443702', '楷斥', 5, 38.00, 37.00, 26.67, 23.00, 'C');
INSERT INTO `student_score` VALUES ('444573', '暴', 57, 79.00, 52.00, 62.67, 24.00, 'C');
INSERT INTO `student_score` VALUES ('445022', '岩', 86, 49.00, 7.00, 47.33, 95.00, 'B');
INSERT INTO `student_score` VALUES ('445373', '雌廉', 58, 62.00, 91.00, 70.33, 18.00, 'C');
INSERT INTO `student_score` VALUES ('445524', '匿洱', 18, 79.00, 8.00, 35.00, 74.00, 'C');
INSERT INTO `student_score` VALUES ('446933', '峨蛊', 49, 43.00, 29.00, 40.33, 0.00, 'C');
INSERT INTO `student_score` VALUES ('446988', '域', 20, 38.00, 41.00, 33.00, 16.00, 'C');
INSERT INTO `student_score` VALUES ('447570', '急窥', 18, 94.00, 21.00, 44.33, 42.00, 'C');
INSERT INTO `student_score` VALUES ('447717', '旋', 77, 42.00, 32.00, 50.33, 77.00, 'B');
INSERT INTO `student_score` VALUES ('449796', '航', 47, 2.00, 51.00, 33.33, 2.00, 'C');
INSERT INTO `student_score` VALUES ('45', '看来', 0, 0.00, 0.00, 0.00, 0.00, 'D');
INSERT INTO `student_score` VALUES ('450540', '万吹', 4, 1.00, 41.00, 15.33, 13.00, 'C');
INSERT INTO `student_score` VALUES ('451495', '端', 20, 43.00, 14.00, 25.67, 37.00, 'C');
INSERT INTO `student_score` VALUES ('452284', '皱曾势翅', 67, 29.00, 1.00, 32.33, 61.00, 'C');
INSERT INTO `student_score` VALUES ('452454', '松岛枫', 54, 6.00, 86.00, 48.67, 65.00, 'C');
INSERT INTO `student_score` VALUES ('453424', '李家水豆腐', 54, 76.00, 34.00, 54.67, 4.00, 'C');
INSERT INTO `student_score` VALUES ('453522', '膳鳖馁', 83, 62.00, 31.00, 58.67, 5.00, 'C');
INSERT INTO `student_score` VALUES ('454279', '赔庙', 90, 25.00, 59.00, 58.00, 20.00, 'C');
INSERT INTO `student_score` VALUES ('454321', '最低分', 54, 43.00, 2.00, 33.00, 43.00, 'C');
INSERT INTO `student_score` VALUES ('454371', '纶惠', 36, 25.00, 28.00, 29.67, 45.00, 'C');
INSERT INTO `student_score` VALUES ('454564', '刚回家', 45, 45.00, 78.00, 56.00, 65.00, 'C');
INSERT INTO `student_score` VALUES ('454582', '瑰', 42, 99.00, 52.00, 64.33, 10.00, 'C');
INSERT INTO `student_score` VALUES ('456213', '大风过后', 98, 89.00, 98.00, 95.00, 98.00, 'A');
INSERT INTO `student_score` VALUES ('456321', '法国等国', 12, 12.00, 12.00, 12.00, 12.00, 'C');
INSERT INTO `student_score` VALUES ('456452', '最低分', 45, 58.00, 48.00, 50.00, 65.00, 'B');
INSERT INTO `student_score` VALUES ('456465', '的风格和对方', 45, 46.00, 45.00, 45.33, 45.00, 'C');
INSERT INTO `student_score` VALUES ('456833', NULL, NULL, 0.00, 0.00, 33.33, 0.00, 'D');
INSERT INTO `student_score` VALUES ('456835', NULL, NULL, 0.00, 0.00, 0.00, 0.00, 'D');
INSERT INTO `student_score` VALUES ('459481', '怂茵咎镐', 83, 71.00, 59.00, 71.00, 72.00, 'B');
INSERT INTO `student_score` VALUES ('460439', '集蛙', 96, 68.00, 47.00, 70.33, 48.00, 'B');
INSERT INTO `student_score` VALUES ('460676', '酵渐', 70, 91.00, 89.00, 83.33, 66.00, 'B');
INSERT INTO `student_score` VALUES ('461059', '魄早芦', 4, 44.00, 10.00, 19.33, 54.00, 'C');
INSERT INTO `student_score` VALUES ('461613', '挥寓刺', 42, 86.00, 9.00, 45.67, 22.00, 'C');
INSERT INTO `student_score` VALUES ('462193', '腹劝', 49, 67.00, 57.00, 57.67, 79.00, 'B');
INSERT INTO `student_score` VALUES ('463168', '绦点辉淑', 32, 97.00, 62.00, 63.67, 18.00, 'C');
INSERT INTO `student_score` VALUES ('464814', '茵', 80, 8.00, 70.00, 52.67, 96.00, 'B');
INSERT INTO `student_score` VALUES ('465293', '耘纹', 7, 33.00, 98.00, 46.00, 9.00, 'C');
INSERT INTO `student_score` VALUES ('467046', '炼扛喷', 27, 29.00, 58.00, 38.00, 79.00, 'C');
INSERT INTO `student_score` VALUES ('467258', '讨弱', 72, 27.00, 42.00, 47.00, 23.00, 'C');
INSERT INTO `student_score` VALUES ('467278', '箩梧废蝴', 14, 8.00, 62.00, 28.00, 93.00, 'C');
INSERT INTO `student_score` VALUES ('468098', '魂弹', 62, 97.00, 67.00, 75.33, 76.00, 'B');
INSERT INTO `student_score` VALUES ('468599', '给杆谎', 0, 97.00, 95.00, 64.00, 51.00, 'C');
INSERT INTO `student_score` VALUES ('468630', '烷题', 5, 95.00, 61.00, 53.67, 6.00, 'C');
INSERT INTO `student_score` VALUES ('468739', '绸', 43, 74.00, 89.00, 68.67, 41.00, 'C');
INSERT INTO `student_score` VALUES ('469168', '道侗', 48, 62.00, 32.00, 47.33, 55.00, 'C');
INSERT INTO `student_score` VALUES ('470226', '云详', 18, 60.00, 72.00, 50.00, 85.00, 'B');
INSERT INTO `student_score` VALUES ('470971', '恰哟爵', 84, 48.00, 25.00, 52.33, 24.00, 'C');
INSERT INTO `student_score` VALUES ('470987', '听', 48, 67.00, 69.00, 61.33, 16.00, 'C');
INSERT INTO `student_score` VALUES ('471462', '琴跪迈援', 31, 68.00, 41.00, 46.67, 92.00, 'B');
INSERT INTO `student_score` VALUES ('471553', '薛熙悼', 42, 70.00, 52.00, 54.67, 42.00, 'C');
INSERT INTO `student_score` VALUES ('471776', '拓膝', 16, 16.00, 84.00, 38.67, 61.00, 'C');
INSERT INTO `student_score` VALUES ('471825', '规划局', 56, 56.00, 6.00, 39.33, 8.00, 'C');
INSERT INTO `student_score` VALUES ('472254', '扎宛', 87, 68.00, 68.00, 74.33, 84.00, 'B');
INSERT INTO `student_score` VALUES ('472639', '憾檀汁杯', 68, 92.00, 65.00, 75.00, 42.00, 'B');
INSERT INTO `student_score` VALUES ('473078', '商下夷马', 64, 0.00, 17.00, 27.00, 40.00, 'C');
INSERT INTO `student_score` VALUES ('473200', '墨衣', 60, 41.00, 64.00, 55.00, 27.00, 'C');
INSERT INTO `student_score` VALUES ('473553', '叹厩食败', 17, 40.00, 58.00, 38.33, 15.00, 'C');
INSERT INTO `student_score` VALUES ('475014', '呻缺辆绪', 99, 19.00, 58.00, 58.67, 95.00, 'B');
INSERT INTO `student_score` VALUES ('475061', '齐姆凸', 63, 30.00, 41.00, 44.67, 34.00, 'C');
INSERT INTO `student_score` VALUES ('476020', '嫂', 50, 97.00, 74.00, 73.67, 67.00, 'B');
INSERT INTO `student_score` VALUES ('477652', '寐冒灌域', 94, 50.00, 26.00, 56.67, 0.00, 'C');
INSERT INTO `student_score` VALUES ('477795', '淌灌', 49, 4.00, 45.00, 32.67, 79.00, 'C');
INSERT INTO `student_score` VALUES ('478442', '恳份', 78, 39.00, 38.00, 51.67, 5.00, 'C');
INSERT INTO `student_score` VALUES ('479926', '辙及', 48, 51.00, 79.00, 59.33, 35.00, 'C');
INSERT INTO `student_score` VALUES ('480994', '氦调柿', 92, 95.00, 94.00, 93.67, 29.00, 'B');
INSERT INTO `student_score` VALUES ('482039', '狠', 28, 3.00, 34.00, 21.67, 91.00, 'C');
INSERT INTO `student_score` VALUES ('482574', '菱归棠', 57, 84.00, 56.00, 65.67, 67.00, 'B');
INSERT INTO `student_score` VALUES ('482709', '羡寇中', 27, 60.00, 21.00, 36.00, 58.00, 'C');
INSERT INTO `student_score` VALUES ('482828', '入量', 13, 69.00, 99.00, 60.33, 59.00, 'C');
INSERT INTO `student_score` VALUES ('482945', '冲藻', 5, 3.00, 28.00, 12.00, 41.00, 'C');
INSERT INTO `student_score` VALUES ('484584', '碴诈', 5, 64.00, 95.00, 54.67, 68.00, 'B');
INSERT INTO `student_score` VALUES ('485244', '彪朱免敛', 88, 31.00, 26.00, 48.33, 85.00, 'B');
INSERT INTO `student_score` VALUES ('485301', '各俏啮娃', 12, 91.00, 56.00, 53.00, 0.00, 'C');
INSERT INTO `student_score` VALUES ('486558', '魂焰遇畏', 35, 29.00, 10.00, 24.67, 42.00, 'C');
INSERT INTO `student_score` VALUES ('486589', '恨啪', 10, 36.00, 69.00, 38.33, 55.00, 'C');
INSERT INTO `student_score` VALUES ('486661', '旱勇', 92, 35.00, 62.00, 63.00, 24.00, 'C');
INSERT INTO `student_score` VALUES ('486787', '鄙', 89, 37.00, 66.00, 64.00, 24.00, 'C');
INSERT INTO `student_score` VALUES ('487064', '饥貉苏', 25, 7.00, 26.00, 19.33, 72.00, 'C');
INSERT INTO `student_score` VALUES ('487583', '耀', 35, 97.00, 86.00, 72.67, 10.00, 'C');
INSERT INTO `student_score` VALUES ('487712', '析喧', 5, 87.00, 77.00, 56.33, 84.00, 'B');
INSERT INTO `student_score` VALUES ('489240', '迂', 39, 46.00, 86.00, 57.00, 68.00, 'B');
INSERT INTO `student_score` VALUES ('489822', '吓隆旋', 75, 6.00, 26.00, 35.67, 91.00, 'C');
INSERT INTO `student_score` VALUES ('489913', '了悲步情', 69, 40.00, 91.00, 66.67, 88.00, 'B');
INSERT INTO `student_score` VALUES ('491476', '紧割庞墅噎', 79, 69.00, 57.00, 68.33, 9.00, 'C');
INSERT INTO `student_score` VALUES ('491555', '扭', 87, 23.00, 1.00, 37.00, 74.00, 'C');
INSERT INTO `student_score` VALUES ('491819', '雅增杰撮', 73, 36.00, 18.00, 42.33, 73.00, 'C');
INSERT INTO `student_score` VALUES ('492377', '蚤献锅牟', 76, 23.00, 13.00, 37.33, 94.00, 'B');
INSERT INTO `student_score` VALUES ('493034', '动画', 34, 2.00, 76.00, 37.33, 56.00, 'C');
INSERT INTO `student_score` VALUES ('495911', '步', 86, 32.00, 64.00, 60.67, 28.00, 'C');
INSERT INTO `student_score` VALUES ('496339', '怒眶飞', 51, 49.00, 79.00, 59.67, 80.00, 'B');
INSERT INTO `student_score` VALUES ('497401', '躇', 65, 60.00, 42.00, 55.67, 55.00, 'C');
INSERT INTO `student_score` VALUES ('497870', '笋衡', 26, 14.00, 49.00, 29.67, 26.00, 'C');
INSERT INTO `student_score` VALUES ('498212', '苯侣凋贡', 2, 26.00, 26.00, 18.00, 60.00, 'C');
INSERT INTO `student_score` VALUES ('498591', '试驶具', 58, 37.00, 25.00, 40.00, 48.00, 'C');
INSERT INTO `student_score` VALUES ('498592', '日', 34, 59.00, 92.00, 61.67, 37.00, 'C');
INSERT INTO `student_score` VALUES ('499882', '竟骤篮', 37, 83.00, 14.00, 44.67, 58.00, 'C');
INSERT INTO `student_score` VALUES ('499971', '普醛坝脉', 22, 14.00, 48.00, 28.00, 45.00, 'C');
INSERT INTO `student_score` VALUES ('500611', '语朔戳', 85, 27.00, 97.00, 69.67, 20.00, 'C');
INSERT INTO `student_score` VALUES ('500948', '枕薄', 15, 55.00, 66.00, 45.33, 72.00, 'C');
INSERT INTO `student_score` VALUES ('502475', '筏', 15, 78.00, 13.00, 35.33, 85.00, 'C');
INSERT INTO `student_score` VALUES ('503376', '糠硕', 78, 41.00, 72.00, 63.67, 55.00, 'B');
INSERT INTO `student_score` VALUES ('503522', '赏', 33, 5.00, 90.00, 42.67, 14.00, 'C');
INSERT INTO `student_score` VALUES ('504393', '镊', 2, 41.00, 45.00, 29.33, 78.00, 'C');
INSERT INTO `student_score` VALUES ('505110', '废岿忻', 88, 14.00, 56.00, 52.67, 90.00, 'B');
INSERT INTO `student_score` VALUES ('505964', '狞级', 2, 87.00, 36.00, 41.67, 18.00, 'C');
INSERT INTO `student_score` VALUES ('506089', '莱垄', 69, 43.00, 33.00, 48.33, 38.00, 'C');
INSERT INTO `student_score` VALUES ('506803', '议', 35, 82.00, 71.00, 62.67, 23.00, 'C');
INSERT INTO `student_score` VALUES ('507826', '锌', 58, 79.00, 81.00, 72.67, 56.00, 'B');
INSERT INTO `student_score` VALUES ('507860', '险鸽苞离', 97, 37.00, 70.00, 68.00, 86.00, 'B');
INSERT INTO `student_score` VALUES ('508975', '称', 84, 70.00, 59.00, 71.00, 61.00, 'B');
INSERT INTO `student_score` VALUES ('509508', '眷', 24, 40.00, 32.00, 32.00, 84.00, 'C');
INSERT INTO `student_score` VALUES ('509558', '赏临天', 5, 48.00, 22.00, 25.00, 71.00, 'C');
INSERT INTO `student_score` VALUES ('510624', '产岸务', 90, 27.00, 21.00, 46.00, 73.00, 'C');
INSERT INTO `student_score` VALUES ('511335', '睬荚', 63, 41.00, 41.00, 48.33, 4.00, 'C');
INSERT INTO `student_score` VALUES ('513487', '乔鼻', 12, 62.00, 15.00, 29.67, 17.00, 'C');
INSERT INTO `student_score` VALUES ('514252', '小疆', 99, 1.00, 35.00, 45.00, 72.00, 'C');
INSERT INTO `student_score` VALUES ('515508', '敏溶确缔', 84, 15.00, 61.00, 53.33, 17.00, 'C');
INSERT INTO `student_score` VALUES ('515596', '奶赖', 28, 34.00, 54.00, 38.67, 47.00, 'C');
INSERT INTO `student_score` VALUES ('515819', '靡', 53, 63.00, 90.00, 68.67, 26.00, 'C');
INSERT INTO `student_score` VALUES ('516289', '棍', 80, 76.00, 37.00, 64.33, 27.00, 'C');
INSERT INTO `student_score` VALUES ('517636', '僚', 85, 13.00, 20.00, 39.33, 71.00, 'C');
INSERT INTO `student_score` VALUES ('517990', '搬汉轻', 36, 66.00, 46.00, 49.33, 91.00, 'B');
INSERT INTO `student_score` VALUES ('518752', '涡熙', 93, 55.00, 40.00, 62.67, 18.00, 'C');
INSERT INTO `student_score` VALUES ('519632', '沤揭烁', 86, 93.00, 13.00, 64.00, 72.00, 'B');
INSERT INTO `student_score` VALUES ('520299', '窜嗓逊坚酶', 91, 41.00, 40.00, 57.33, 7.00, 'C');
INSERT INTO `student_score` VALUES ('521707', '初酋罩寨', 43, 44.00, 70.00, 52.33, 58.00, 'C');
INSERT INTO `student_score` VALUES ('521732', '序糖', 84, 16.00, 80.00, 60.00, 68.00, 'B');
INSERT INTO `student_score` VALUES ('522797', '点土', 33, 92.00, 0.00, 41.67, 85.00, 'C');
INSERT INTO `student_score` VALUES ('523530', '县胡菱', 82, 50.00, 15.00, 49.00, 41.00, 'C');
INSERT INTO `student_score` VALUES ('523702', '劣晴碾垃', 49, 56.00, 5.00, 36.67, 10.00, 'C');
INSERT INTO `student_score` VALUES ('524199', '排躲', 41, 34.00, 41.00, 38.67, 45.00, 'C');
INSERT INTO `student_score` VALUES ('524289', '贝瞪令', 22, 22.00, 56.00, 33.33, 6.00, 'C');
INSERT INTO `student_score` VALUES ('525272', '沉贸', 34, 63.00, 18.00, 38.33, 55.00, 'C');
INSERT INTO `student_score` VALUES ('526158', '祷稿端跃丰', 92, 60.00, 62.00, 71.33, 5.00, 'C');
INSERT INTO `student_score` VALUES ('526252', '爬挣', 48, 85.00, 4.00, 45.67, 50.00, 'C');
INSERT INTO `student_score` VALUES ('526282', '灿僻', 91, 58.00, 84.00, 77.67, 8.00, 'C');
INSERT INTO `student_score` VALUES ('527037', '槛羔', 23, 3.00, 75.00, 33.67, 87.00, 'C');
INSERT INTO `student_score` VALUES ('527242', '贫休腐', 52, 70.00, 81.00, 67.67, 84.00, 'B');
INSERT INTO `student_score` VALUES ('527305', '贼煤川', 33, 50.00, 13.00, 32.00, 1.00, 'C');
INSERT INTO `student_score` VALUES ('527502', '雌', 39, 32.00, 68.00, 46.33, 54.00, 'C');
INSERT INTO `student_score` VALUES ('528118', '蛋', 25, 2.00, 81.00, 36.00, 71.00, 'C');
INSERT INTO `student_score` VALUES ('528569', '赶龟右', 44, 45.00, 71.00, 53.33, 26.00, 'C');
INSERT INTO `student_score` VALUES ('529166', '掺责', 88, 7.00, 69.00, 54.67, 39.00, 'C');
INSERT INTO `student_score` VALUES ('530575', '挛失', 31, 37.00, 49.00, 39.00, 4.00, 'C');
INSERT INTO `student_score` VALUES ('530778', '协匙', 24, 56.00, 84.00, 54.67, 80.00, 'B');
INSERT INTO `student_score` VALUES ('531215', '韵团', 57, 29.00, 64.00, 50.00, 44.00, 'C');
INSERT INTO `student_score` VALUES ('531668', '辜恋', 36, 9.00, 62.00, 35.67, 15.00, 'C');
INSERT INTO `student_score` VALUES ('531733', '夹', 99, 2.00, 15.00, 38.67, 9.00, 'C');
INSERT INTO `student_score` VALUES ('531943', '暖朱腔', 17, 93.00, 76.00, 62.00, 67.00, 'B');
INSERT INTO `student_score` VALUES ('532451', '帅瑰绑', 95, 65.00, 69.00, 76.33, 58.00, 'B');
INSERT INTO `student_score` VALUES ('532493', '镭', 64, 87.00, 24.00, 58.33, 16.00, 'C');
INSERT INTO `student_score` VALUES ('533091', '腮锗纳邮', 33, 73.00, 53.00, 53.00, 29.00, 'C');
INSERT INTO `student_score` VALUES ('533116', '獭己荚睛知', 25, 73.00, 23.00, 40.33, 97.00, 'B');
INSERT INTO `student_score` VALUES ('533454', '覆盖', 6, 65.00, 65.00, 45.33, 64.00, 'C');
INSERT INTO `student_score` VALUES ('534113', '攒', 27, 49.00, 59.00, 45.00, 41.00, 'C');
INSERT INTO `student_score` VALUES ('534344', '郎爷', 19, 56.00, 85.00, 53.33, 11.00, 'C');
INSERT INTO `student_score` VALUES ('534534', '安抚', 3, 43.00, 43.00, 29.67, 43.00, 'C');
INSERT INTO `student_score` VALUES ('534854', '闹铬酮惯', 50, 20.00, 82.00, 50.67, 53.00, 'C');
INSERT INTO `student_score` VALUES ('534891', '绝男魂杠', 18, 60.00, 95.00, 57.67, 82.00, 'B');
INSERT INTO `student_score` VALUES ('534930', '斡敏流', 30, 59.00, 22.00, 37.00, 6.00, 'C');
INSERT INTO `student_score` VALUES ('535268', '写', 74, 48.00, 31.00, 51.00, 4.00, 'C');
INSERT INTO `student_score` VALUES ('535326', '抬抵淋', 85, 0.00, 90.00, 58.33, 27.00, 'C');
INSERT INTO `student_score` VALUES ('535723', '臭苛', 6, 2.00, 40.00, 16.00, 2.00, 'C');
INSERT INTO `student_score` VALUES ('536185', '衔肿', 26, 15.00, 68.00, 36.33, 84.00, 'C');
INSERT INTO `student_score` VALUES ('536569', '袱非', 76, 76.00, 48.00, 66.67, 27.00, 'C');
INSERT INTO `student_score` VALUES ('536581', '只桃', 3, 43.00, 17.00, 21.00, 1.00, 'C');
INSERT INTO `student_score` VALUES ('537117', '喀辖', 82, 3.00, 72.00, 52.33, 72.00, 'B');
INSERT INTO `student_score` VALUES ('540133', '富恩', 99, 36.00, 51.00, 62.00, 86.00, 'B');
INSERT INTO `student_score` VALUES ('540146', '蛤玲沥', 8, 44.00, 91.00, 47.67, 21.00, 'C');
INSERT INTO `student_score` VALUES ('540904', '艇', 90, 55.00, 69.00, 71.33, 10.00, 'C');
INSERT INTO `student_score` VALUES ('540917', '栋帜菇', 91, 45.00, 92.00, 76.00, 81.00, 'B');
INSERT INTO `student_score` VALUES ('540954', '锯蒂吃沏己涨朗', 70, 27.00, 78.00, 58.33, 58.00, 'C');
INSERT INTO `student_score` VALUES ('542334', '嫡', 64, 52.00, 58.00, 58.00, 0.00, 'C');
INSERT INTO `student_score` VALUES ('542415', '乌钥运', 96, 69.00, 52.00, 72.33, 39.00, 'C');
INSERT INTO `student_score` VALUES ('543344', '低功耗', 54, 54.00, 43.00, 50.33, 3.00, 'C');
INSERT INTO `student_score` VALUES ('543543', '规范', 54, 87.00, 98.00, 79.67, 87.00, 'B');
INSERT INTO `student_score` VALUES ('543614', '阿谋', 60, 14.00, 25.00, 33.00, 36.00, 'C');
INSERT INTO `student_score` VALUES ('544688', '罐忌蔬', 84, 69.00, 80.00, 77.67, 8.00, 'C');
INSERT INTO `student_score` VALUES ('544954', '研挪创', 45, 68.00, 0.00, 37.67, 64.00, 'C');
INSERT INTO `student_score` VALUES ('5454342', '感到十分', 99, 98.00, 93.00, 96.67, 95.00, 'A');
INSERT INTO `student_score` VALUES ('545667', '人的同意', 54, 5.00, 78.00, 45.67, 78.00, 'C');
INSERT INTO `student_score` VALUES ('545995', '摈', 66, 45.00, 97.00, 69.33, 2.00, 'C');
INSERT INTO `student_score` VALUES ('546462', '杀泛霞长差', 63, 1.00, 71.00, 45.00, 66.00, 'C');
INSERT INTO `student_score` VALUES ('546611', '疾遮', 58, 98.00, 52.00, 69.33, 75.00, 'B');
INSERT INTO `student_score` VALUES ('548028', '嫡艳谦', 29, 13.00, 92.00, 44.67, 94.00, 'B');
INSERT INTO `student_score` VALUES ('549546', '磋', 11, 1.00, 99.00, 37.00, 42.00, 'C');
INSERT INTO `student_score` VALUES ('549942', '袍贾深珠', 24, 12.00, 54.00, 30.00, 3.00, 'C');
INSERT INTO `student_score` VALUES ('550472', '笺猿趾阅恤', 36, 85.00, 55.00, 58.67, 99.00, 'B');
INSERT INTO `student_score` VALUES ('550927', '境霹', 24, 53.00, 72.00, 49.67, 26.00, 'C');
INSERT INTO `student_score` VALUES ('552606', '耿慑彤', 75, 85.00, 10.00, 56.67, 74.00, 'B');
INSERT INTO `student_score` VALUES ('55345', '354345', 0, 0.00, 0.00, 0.00, 0.00, 'D');
INSERT INTO `student_score` VALUES ('554199', '酞溃', 95, 75.00, 3.00, 57.67, 39.00, 'C');
INSERT INTO `student_score` VALUES ('554436', '盒', 25, 25.00, 81.00, 43.67, 58.00, 'C');
INSERT INTO `student_score` VALUES ('555496', '碌墅殖', 33, 10.00, 66.00, 36.33, 3.00, 'C');
INSERT INTO `student_score` VALUES ('557011', '英控隅', 92, 22.00, 96.00, 70.00, 76.00, 'B');
INSERT INTO `student_score` VALUES ('557161', '刺纫', 30, 35.00, 32.00, 32.33, 5.00, 'C');
INSERT INTO `student_score` VALUES ('557218', '躯廊挎寒', 14, 24.00, 52.00, 30.00, 32.00, 'C');
INSERT INTO `student_score` VALUES ('557606', '音闸拱萤拓', 62, 11.00, 40.00, 37.67, 36.00, 'C');
INSERT INTO `student_score` VALUES ('559416', '嚣沫', 56, 93.00, 11.00, 53.33, 24.00, 'C');
INSERT INTO `student_score` VALUES ('559761', '侯懈', 70, 67.00, 82.00, 73.00, 69.00, 'B');
INSERT INTO `student_score` VALUES ('560451', '俘征', 18, 95.00, 85.00, 66.00, 91.00, 'B');
INSERT INTO `student_score` VALUES ('561286', '辨扫呜', 21, 7.00, 68.00, 32.00, 79.00, 'C');
INSERT INTO `student_score` VALUES ('561822', '更门霉饭', 59, 36.00, 35.00, 43.33, 26.00, 'C');
INSERT INTO `student_score` VALUES ('561951', '殊愚', 71, 80.00, 63.00, 71.33, 10.00, 'C');
INSERT INTO `student_score` VALUES ('562333', '递齐钥', 72, 59.00, 93.00, 74.67, 86.00, 'B');
INSERT INTO `student_score` VALUES ('564523', '沿途将', 65, 47.00, 89.00, 67.00, 21.00, 'C');
INSERT INTO `student_score` VALUES ('565120', '洽锑互', 29, 39.00, 14.00, 27.33, 91.00, 'C');
INSERT INTO `student_score` VALUES ('565605', '础挪悍', 86, 11.00, 71.00, 56.00, 94.00, 'B');
INSERT INTO `student_score` VALUES ('566148', '壶冬娟', 80, 86.00, 23.00, 63.00, 19.00, 'C');
INSERT INTO `student_score` VALUES ('567798', '婿', 7, 68.00, 77.00, 50.67, 13.00, 'C');
INSERT INTO `student_score` VALUES ('569081', '蒂叹脱潍', 91, 79.00, 82.00, 84.00, 86.00, 'B');
INSERT INTO `student_score` VALUES ('569643', '吻航坯', 54, 95.00, 67.00, 72.00, 98.00, 'B');
INSERT INTO `student_score` VALUES ('569694', '默减鹿炕', 2, 99.00, 91.00, 64.00, 39.00, 'C');
INSERT INTO `student_score` VALUES ('569846', '角位夫棺们', 0, 77.00, 2.00, 26.33, 66.00, 'C');
INSERT INTO `student_score` VALUES ('571121', '矫', 38, 18.00, 66.00, 40.67, 30.00, 'C');
INSERT INTO `student_score` VALUES ('571871', '痛游劲田', 30, 79.00, 92.00, 67.00, 1.00, 'C');
INSERT INTO `student_score` VALUES ('572467', '抚莹滴', 8, 90.00, 42.00, 46.67, 26.00, 'C');
INSERT INTO `student_score` VALUES ('573103', '吻', 67, 79.00, 26.00, 57.33, 13.00, 'C');
INSERT INTO `student_score` VALUES ('573251', '洼', 67, 97.00, 21.00, 61.67, 8.00, 'C');
INSERT INTO `student_score` VALUES ('574259', '欢卧痹厉壳', 88, 62.00, 71.00, 73.67, 28.00, 'C');
INSERT INTO `student_score` VALUES ('574286', '晨', 96, 78.00, 52.00, 75.33, 19.00, 'C');
INSERT INTO `student_score` VALUES ('574770', '疙盈编涸', 85, 62.00, 63.00, 70.00, 48.00, 'B');
INSERT INTO `student_score` VALUES ('574945', '卑呀副', 99, 92.00, 61.00, 84.00, 53.00, 'B');
INSERT INTO `student_score` VALUES ('575494', '吮', 79, 29.00, 77.00, 61.67, 80.00, 'B');
INSERT INTO `student_score` VALUES ('575790', '看到', 0, 0.00, 0.00, 0.00, 0.00, 'C');
INSERT INTO `student_score` VALUES ('576270', '囤', 36, 43.00, 83.00, 54.00, 30.00, 'C');
INSERT INTO `student_score` VALUES ('576286', '五霜缨嫩观', 66, 27.00, 67.00, 53.33, 46.00, 'C');
INSERT INTO `student_score` VALUES ('577397', '匿科', 84, 25.00, 97.00, 68.67, 49.00, 'B');
INSERT INTO `student_score` VALUES ('578294', '谩贸辨', 28, 99.00, 89.00, 72.00, 62.00, 'B');
INSERT INTO `student_score` VALUES ('578477', '工证', 50, 47.00, 71.00, 56.00, 73.00, 'B');
INSERT INTO `student_score` VALUES ('580013', '啸癌夺', 50, 16.00, 91.00, 52.33, 46.00, 'C');
INSERT INTO `student_score` VALUES ('580767', '锡靶掠', 4, 78.00, 4.00, 28.67, 21.00, 'C');
INSERT INTO `student_score` VALUES ('580800', '意再', 66, 15.00, 8.00, 29.67, 97.00, 'C');
INSERT INTO `student_score` VALUES ('581414', '搓阀', 24, 51.00, 99.00, 58.00, 1.00, 'C');
INSERT INTO `student_score` VALUES ('581504', '廉萤添', 22, 54.00, 81.00, 52.33, 14.00, 'C');
INSERT INTO `student_score` VALUES ('581715', '索', 32, 94.00, 17.00, 47.67, 50.00, 'C');
INSERT INTO `student_score` VALUES ('582212', '帐熄咀', 61, 17.00, 98.00, 58.67, 68.00, 'B');
INSERT INTO `student_score` VALUES ('582624', '伐茎使', 2, 1.00, 62.00, 21.67, 7.00, 'C');
INSERT INTO `student_score` VALUES ('582634', '腺痕懦', 46, 84.00, 25.00, 51.67, 57.00, 'C');
INSERT INTO `student_score` VALUES ('582852', '塘昼脯', 12, 22.00, 49.00, 27.67, 65.00, 'C');
INSERT INTO `student_score` VALUES ('584411', '项盲聚睹症', 84, 53.00, 63.00, 66.67, 56.00, 'B');
INSERT INTO `student_score` VALUES ('584762', '伎燃', 18, 99.00, 29.00, 48.67, 55.00, 'C');
INSERT INTO `student_score` VALUES ('584896', '霜冻', 17, 80.00, 36.00, 44.33, 11.00, 'C');
INSERT INTO `student_score` VALUES ('585487', '犹', 43, 28.00, 96.00, 55.67, 10.00, 'C');
INSERT INTO `student_score` VALUES ('585512', '咏球锋记', 4, 8.00, 4.00, 5.33, 2.00, 'C');
INSERT INTO `student_score` VALUES ('585873', '瓢甚', 3, 94.00, 12.00, 36.33, 92.00, 'C');
INSERT INTO `student_score` VALUES ('585907', '逃乖湛喳', 4, 80.00, 17.00, 33.67, 95.00, 'C');
INSERT INTO `student_score` VALUES ('586068', '俘帽讥', 15, 44.00, 49.00, 36.00, 44.00, 'C');
INSERT INTO `student_score` VALUES ('586223', '械瘸决', 3, 57.00, 66.00, 42.00, 59.00, 'C');
INSERT INTO `student_score` VALUES ('586290', '懂', 84, 56.00, 3.00, 47.67, 95.00, 'B');
INSERT INTO `student_score` VALUES ('586889', '劫', 12, 13.00, 55.00, 26.67, 99.00, 'C');
INSERT INTO `student_score` VALUES ('587039', '疼', 24, 51.00, 67.00, 47.33, 34.00, 'C');
INSERT INTO `student_score` VALUES ('587253', '漂游', 71, 74.00, 95.00, 80.00, 35.00, 'B');
INSERT INTO `student_score` VALUES ('587571', '粗悸', 66, 4.00, 55.00, 41.67, 78.00, 'C');
INSERT INTO `student_score` VALUES ('588320', '灌嘱', 53, 91.00, 1.00, 48.33, 70.00, 'C');
INSERT INTO `student_score` VALUES ('588446', '旋饿澡', 68, 68.00, 83.00, 73.00, 93.00, 'B');
INSERT INTO `student_score` VALUES ('588602', '尚赏显', 67, 53.00, 30.00, 50.00, 43.00, 'C');
INSERT INTO `student_score` VALUES ('588716', '材君怪', 1, 69.00, 52.00, 40.67, 26.00, 'C');
INSERT INTO `student_score` VALUES ('589409', '铱', 93, 34.00, 0.00, 42.33, 64.00, 'C');
INSERT INTO `student_score` VALUES ('589978', '探', 89, 77.00, 55.00, 73.67, 87.00, 'B');
INSERT INTO `student_score` VALUES ('589992', '未氓', 40, 53.00, 7.00, 33.33, 97.00, 'C');
INSERT INTO `student_score` VALUES ('590289', '白赃冻', 9, 84.00, 16.00, 36.33, 85.00, 'C');
INSERT INTO `student_score` VALUES ('591847', '炬钧', 65, 63.00, 85.00, 71.00, 46.00, 'B');
INSERT INTO `student_score` VALUES ('591879', '掏处陕梁鳃', 27, 64.00, 66.00, 52.33, 37.00, 'C');
INSERT INTO `student_score` VALUES ('592023', '际栓', 32, 10.00, 22.00, 21.33, 38.00, 'C');
INSERT INTO `student_score` VALUES ('595630', '涡', 78, 45.00, 82.00, 68.33, 3.00, 'C');
INSERT INTO `student_score` VALUES ('596195', '纬狐俱勘', 44, 13.00, 92.00, 49.67, 73.00, 'C');
INSERT INTO `student_score` VALUES ('596219', '顺属', 35, 87.00, 96.00, 72.67, 41.00, 'B');
INSERT INTO `student_score` VALUES ('597463', '候拾', 53, 93.00, 89.00, 78.33, 11.00, 'C');
INSERT INTO `student_score` VALUES ('598096', '废河吊假芯静颐', 2, 12.00, 62.00, 25.33, 82.00, 'C');
INSERT INTO `student_score` VALUES ('598183', '狄遥', 37, 76.00, 8.00, 40.33, 37.00, 'C');
INSERT INTO `student_score` VALUES ('598457', '搓', 79, 93.00, 20.00, 64.00, 85.00, 'B');
INSERT INTO `student_score` VALUES ('598468', '整', 38, 49.00, 1.00, 29.33, 98.00, 'C');
INSERT INTO `student_score` VALUES ('598720', '每始', 68, 57.00, 42.00, 55.67, 16.00, 'C');
INSERT INTO `student_score` VALUES ('599689', '靡', 19, 99.00, 70.00, 62.67, 24.00, 'C');
INSERT INTO `student_score` VALUES ('599996', '东方红', 99, 98.00, 93.00, 96.67, 24.00, 'B');
INSERT INTO `student_score` VALUES ('600203', '尉', 82, 69.00, 97.00, 82.67, 57.00, 'B');
INSERT INTO `student_score` VALUES ('601319', '鲍', 88, 84.00, 2.00, 58.00, 24.00, 'C');
INSERT INTO `student_score` VALUES ('602233', '帖思个', 9, 74.00, 89.00, 57.33, 76.00, 'B');
INSERT INTO `student_score` VALUES ('602313', '乱必', 86, 35.00, 35.00, 52.00, 18.00, 'C');
INSERT INTO `student_score` VALUES ('602361', '牵且', 33, 36.00, 73.00, 47.33, 17.00, 'C');
INSERT INTO `student_score` VALUES ('603206', '氦炊', 48, 37.00, 20.00, 35.00, 10.00, 'C');
INSERT INTO `student_score` VALUES ('603367', '惟氰沙', 71, 54.00, 29.00, 51.33, 36.00, 'C');
INSERT INTO `student_score` VALUES ('603920', '喊斗', 69, 34.00, 2.00, 35.00, 12.00, 'C');
INSERT INTO `student_score` VALUES ('604061', '赠依', 71, 71.00, 18.00, 53.33, 56.00, 'C');
INSERT INTO `student_score` VALUES ('604435', '窗爱', 87, 44.00, 6.00, 45.67, 24.00, 'C');
INSERT INTO `student_score` VALUES ('605231', '窗排', 31, 30.00, 69.00, 43.33, 83.00, 'C');
INSERT INTO `student_score` VALUES ('606142', '俏须臣', 45, 45.00, 79.00, 56.33, 86.00, 'B');
INSERT INTO `student_score` VALUES ('607425', '逞', 64, 20.00, 89.00, 57.67, 86.00, 'B');
INSERT INTO `student_score` VALUES ('607796', '潘甩利墟脸', 3, 91.00, 98.00, 64.00, 93.00, 'B');
INSERT INTO `student_score` VALUES ('608020', '彼赦欠', 12, 38.00, 16.00, 22.00, 89.00, 'C');
INSERT INTO `student_score` VALUES ('608459', '博鼻', 60, 0.00, 62.00, 40.67, 46.00, 'C');
INSERT INTO `student_score` VALUES ('608817', '殆提履悔', 87, 70.00, 49.00, 68.67, 56.00, 'B');
INSERT INTO `student_score` VALUES ('608868', '赛稿', 85, 79.00, 56.00, 73.33, 3.00, 'C');
INSERT INTO `student_score` VALUES ('612312', '彰疟民', 37, 53.00, 20.00, 36.67, 39.00, 'C');
INSERT INTO `student_score` VALUES ('612544', '戎黄瀑', 89, 56.00, 1.00, 48.67, 28.00, 'C');
INSERT INTO `student_score` VALUES ('612854', '燃', 19, 78.00, 96.00, 64.33, 75.00, 'B');
INSERT INTO `student_score` VALUES ('613696', '砷', 76, 56.00, 17.00, 49.67, 76.00, 'B');
INSERT INTO `student_score` VALUES ('613815', '矿显靖犊杂', 49, 66.00, 70.00, 61.67, 92.00, 'B');
INSERT INTO `student_score` VALUES ('613841', '嫉句颅', 66, 35.00, 30.00, 43.67, 31.00, 'C');
INSERT INTO `student_score` VALUES ('614336', '啮舒须酬', 85, 91.00, 65.00, 80.33, 41.00, 'B');
INSERT INTO `student_score` VALUES ('614707', '再呵财', 18, 85.00, 43.00, 48.67, 79.00, 'B');
INSERT INTO `student_score` VALUES ('615004', '攒品', 63, 93.00, 82.00, 79.33, 18.00, 'C');
INSERT INTO `student_score` VALUES ('615070', '胶昭旬', 80, 11.00, 36.00, 42.33, 2.00, 'C');
INSERT INTO `student_score` VALUES ('616536', '睹腿抿', 24, 80.00, 75.00, 59.67, 24.00, 'C');
INSERT INTO `student_score` VALUES ('616581', '重迫漾聊', 13, 61.00, 14.00, 29.33, 35.00, 'C');
INSERT INTO `student_score` VALUES ('617319', '琶泣', 87, 14.00, 84.00, 61.67, 80.00, 'B');
INSERT INTO `student_score` VALUES ('618207', '欣', 67, 66.00, 48.00, 60.33, 81.00, 'B');
INSERT INTO `student_score` VALUES ('618904', '群犁', 31, 10.00, 17.00, 19.33, 13.00, 'C');
INSERT INTO `student_score` VALUES ('619486', '噶沂见丫侧', 4, 65.00, 40.00, 36.33, 59.00, 'C');
INSERT INTO `student_score` VALUES ('620014', '洼', 23, 51.00, 18.00, 30.67, 52.00, 'C');
INSERT INTO `student_score` VALUES ('620531', '毡岂嵌', 31, 39.00, 80.00, 50.00, 12.00, 'C');
INSERT INTO `student_score` VALUES ('620854', '何闭缩', 71, 44.00, 29.00, 48.00, 17.00, 'C');
INSERT INTO `student_score` VALUES ('621027', '疲于曰泛', 0, 91.00, 66.00, 52.33, 47.00, 'C');
INSERT INTO `student_score` VALUES ('622672', '润挛痉', 89, 12.00, 33.00, 44.67, 1.00, 'C');
INSERT INTO `student_score` VALUES ('622896', '摊戮丝胀', 10, 92.00, 20.00, 40.67, 77.00, 'C');
INSERT INTO `student_score` VALUES ('623042', '闸广', 28, 57.00, 50.00, 45.00, 0.00, 'C');
INSERT INTO `student_score` VALUES ('623445', '掷', 44, 72.00, 47.00, 54.33, 34.00, 'C');
INSERT INTO `student_score` VALUES ('623891', '绍店', 52, 44.00, 29.00, 41.67, 45.00, 'C');
INSERT INTO `student_score` VALUES ('624113', '品帖煎案', 4, 56.00, 40.00, 33.33, 19.00, 'C');
INSERT INTO `student_score` VALUES ('624139', '鸽翁莎滞棚', 25, 74.00, 88.00, 62.33, 65.00, 'B');
INSERT INTO `student_score` VALUES ('624833', '凡', 92, 40.00, 69.00, 67.00, 90.00, 'B');
INSERT INTO `student_score` VALUES ('625594', '幼', 9, 34.00, 85.00, 42.67, 55.00, 'C');
INSERT INTO `student_score` VALUES ('625620', '钡腰凿', 79, 19.00, 42.00, 46.67, 65.00, 'C');
INSERT INTO `student_score` VALUES ('626028', '烷衣埃', 21, 35.00, 63.00, 39.67, 9.00, 'C');
INSERT INTO `student_score` VALUES ('626773', '叹方', 31, 66.00, 32.00, 43.00, 58.00, 'C');
INSERT INTO `student_score` VALUES ('626862', '滦音蔷', 96, 87.00, 74.00, 85.67, 91.00, 'B');
INSERT INTO `student_score` VALUES ('628037', '凝误', 22, 68.00, 90.00, 60.00, 88.00, 'B');
INSERT INTO `student_score` VALUES ('628225', '忿狄', 2, 20.00, 12.00, 11.33, 67.00, 'C');
INSERT INTO `student_score` VALUES ('628322', '术己熬', 21, 42.00, 23.00, 28.67, 77.00, 'C');
INSERT INTO `student_score` VALUES ('628459', '轰', 0, 53.00, 13.00, 22.00, 29.00, 'C');
INSERT INTO `student_score` VALUES ('628980', '融胎', 40, 52.00, 60.00, 50.67, 64.00, 'C');
INSERT INTO `student_score` VALUES ('629135', '员', 39, 19.00, 37.00, 31.67, 84.00, 'C');
INSERT INTO `student_score` VALUES ('629184', '羽探清毡途', 76, 26.00, 85.00, 62.33, 70.00, 'B');
INSERT INTO `student_score` VALUES ('629566', '久吐旭盛', 84, 27.00, 94.00, 68.33, 30.00, 'C');
INSERT INTO `student_score` VALUES ('631375', '懦愿藩偶', 19, 97.00, 35.00, 50.33, 64.00, 'C');
INSERT INTO `student_score` VALUES ('632127', '劫至', 11, 30.00, 34.00, 25.00, 2.00, 'C');
INSERT INTO `student_score` VALUES ('632176', '苫样', 12, 67.00, 54.00, 44.33, 6.00, 'C');
INSERT INTO `student_score` VALUES ('632200', '马', 82, 90.00, 37.00, 69.67, 55.00, 'B');
INSERT INTO `student_score` VALUES ('632230', '患缠稻展', 81, 83.00, 21.00, 61.67, 32.00, 'C');
INSERT INTO `student_score` VALUES ('632560', '尧岂邻', 48, 89.00, 40.00, 59.00, 13.00, 'C');
INSERT INTO `student_score` VALUES ('632685', '茧坍丛侨', 31, 2.00, 40.00, 24.33, 79.00, 'C');
INSERT INTO `student_score` VALUES ('632744', '乙惹属', 41, 60.00, 15.00, 38.67, 2.00, 'C');
INSERT INTO `student_score` VALUES ('633387', '雾舔猫耗凡', 1, 31.00, 36.00, 22.67, 32.00, 'C');
INSERT INTO `student_score` VALUES ('633528', '垃逻', 98, 52.00, 7.00, 52.33, 28.00, 'C');
INSERT INTO `student_score` VALUES ('634946', '急病', 30, 64.00, 35.00, 43.00, 1.00, 'C');
INSERT INTO `student_score` VALUES ('635183', '呆', 54, 83.00, 58.00, 65.00, 2.00, 'C');
INSERT INTO `student_score` VALUES ('636017', '寨', 68, 71.00, 40.00, 59.67, 20.00, 'C');
INSERT INTO `student_score` VALUES ('636051', '稼序', 47, 93.00, 46.00, 62.00, 34.00, 'C');
INSERT INTO `student_score` VALUES ('636649', '蕾典丛', 45, 74.00, 86.00, 68.33, 26.00, 'C');
INSERT INTO `student_score` VALUES ('637100', '幌梯竿', 44, 3.00, 72.00, 39.67, 0.00, 'C');
INSERT INTO `student_score` VALUES ('637147', '移壕艾', 44, 82.00, 40.00, 55.33, 24.00, 'C');
INSERT INTO `student_score` VALUES ('637489', '辜憨', 73, 19.00, 50.00, 47.33, 23.00, 'C');
INSERT INTO `student_score` VALUES ('637958', '寅腻', 88, 93.00, 14.00, 65.00, 19.00, 'C');
INSERT INTO `student_score` VALUES ('638196', '拘凉', 84, 85.00, 34.00, 67.67, 11.00, 'C');
INSERT INTO `student_score` VALUES ('638948', '兑束烁', 21, 64.00, 97.00, 60.67, 7.00, 'C');
INSERT INTO `student_score` VALUES ('639303', '洲曹狸', 42, 72.00, 44.00, 52.67, 83.00, 'B');
INSERT INTO `student_score` VALUES ('640593', '频', 45, 24.00, 97.00, 55.33, 81.00, 'B');
INSERT INTO `student_score` VALUES ('640621', '落', 38, 39.00, 96.00, 57.67, 11.00, 'C');
INSERT INTO `student_score` VALUES ('641025', '狗森栗', 68, 93.00, 83.00, 81.33, 55.00, 'B');
INSERT INTO `student_score` VALUES ('641392', '咬违', 41, 28.00, 29.00, 32.67, 76.00, 'C');
INSERT INTO `student_score` VALUES ('641519', '婿带功', 30, 76.00, 54.00, 53.33, 15.00, 'C');
INSERT INTO `student_score` VALUES ('642780', '溢窍', 68, 12.00, 48.00, 42.67, 18.00, 'C');
INSERT INTO `student_score` VALUES ('643305', '陡窍筏毒厩', 62, 82.00, 54.00, 66.00, 29.00, 'C');
INSERT INTO `student_score` VALUES ('643604', '的', 48, 64.00, 69.00, 60.33, 35.00, 'C');
INSERT INTO `student_score` VALUES ('644450', '秧', 44, 59.00, 86.00, 63.00, 71.00, 'B');
INSERT INTO `student_score` VALUES ('644679', '皿覆叶抑', 13, 7.00, 6.00, 8.67, 97.00, 'C');
INSERT INTO `student_score` VALUES ('644823', '盘艇爆控', 74, 37.00, 94.00, 68.33, 36.00, 'C');
INSERT INTO `student_score` VALUES ('645450', '豆隋伴', 68, 39.00, 70.00, 59.00, 66.00, 'B');
INSERT INTO `student_score` VALUES ('646490', '涧会', 40, 94.00, 20.00, 51.33, 55.00, 'C');
INSERT INTO `student_score` VALUES ('646495', '刽返蓑', 54, 38.00, 92.00, 61.33, 15.00, 'C');
INSERT INTO `student_score` VALUES ('646617', '衫琅临邱貌', 60, 43.00, 5.00, 36.00, 32.00, 'C');
INSERT INTO `student_score` VALUES ('647445', '唐', 99, 93.00, 18.00, 70.00, 95.00, 'B');
INSERT INTO `student_score` VALUES ('647534', '因坪孽铜', 22, 62.00, 39.00, 41.00, 31.00, 'C');
INSERT INTO `student_score` VALUES ('647576', '仍愁懂', 60, 2.00, 4.00, 22.00, 30.00, 'C');
INSERT INTO `student_score` VALUES ('647940', '断其诵', 64, 96.00, 25.00, 61.67, 25.00, 'C');
INSERT INTO `student_score` VALUES ('648666', '熟坦侥', 23, 72.00, 97.00, 64.00, 83.00, 'B');
INSERT INTO `student_score` VALUES ('650149', '仕竹', 55, 8.00, 28.00, 30.33, 7.00, 'C');
INSERT INTO `student_score` VALUES ('650742', '尺变', 51, 63.00, 20.00, 44.67, 36.00, 'C');
INSERT INTO `student_score` VALUES ('650815', '莎玖邮净塞', 71, 70.00, 57.00, 66.00, 84.00, 'B');
INSERT INTO `student_score` VALUES ('650904', '樱', 49, 30.00, 31.00, 36.67, 16.00, 'C');
INSERT INTO `student_score` VALUES ('652591', '蚁涯', 32, 47.00, 52.00, 43.67, 81.00, 'C');
INSERT INTO `student_score` VALUES ('652621', '微盐', 15, 70.00, 75.00, 53.33, 8.00, 'C');
INSERT INTO `student_score` VALUES ('652722', '谁', 64, 89.00, 5.00, 52.67, 50.00, 'C');
INSERT INTO `student_score` VALUES ('652869', '吏砌苗宫辜', 83, 3.00, 76.00, 54.00, 54.00, 'C');
INSERT INTO `student_score` VALUES ('653224', '蜜猪', 39, 90.00, 38.00, 55.67, 34.00, 'C');
INSERT INTO `student_score` VALUES ('653271', '趣云麓贩', 20, 50.00, 11.00, 27.00, 12.00, 'C');
INSERT INTO `student_score` VALUES ('653842', '铭澳又悟', 5, 13.00, 68.00, 28.67, 75.00, 'C');
INSERT INTO `student_score` VALUES ('654209', '级圭渗', 96, 8.00, 26.00, 43.33, 76.00, 'C');
INSERT INTO `student_score` VALUES ('654324', '好机会', 54, 65.00, 4.00, 41.00, 4.00, 'C');
INSERT INTO `student_score` VALUES ('654543', '很反感', 98, 98.00, 98.00, 98.00, 89.00, 'A');
INSERT INTO `student_score` VALUES ('655271', '赎基会汗厕', 91, 60.00, 40.00, 63.67, 20.00, 'C');
INSERT INTO `student_score` VALUES ('655740', '戒氧', 67, 10.00, 51.00, 42.67, 57.00, 'C');
INSERT INTO `student_score` VALUES ('656286', '笆茄烈', 27, 0.00, 68.00, 31.67, 26.00, 'C');
INSERT INTO `student_score` VALUES ('656755', '蛾倦', 68, 45.00, 80.00, 64.33, 8.00, 'C');
INSERT INTO `student_score` VALUES ('656974', '八易', 84, 79.00, 50.00, 71.00, 41.00, 'C');
INSERT INTO `student_score` VALUES ('657682', '硕', 16, 88.00, 15.00, 39.67, 64.00, 'C');
INSERT INTO `student_score` VALUES ('657957', '雾', 65, 86.00, 53.00, 68.00, 58.00, 'B');
INSERT INTO `student_score` VALUES ('658332', '货舍煎', 53, 48.00, 32.00, 44.33, 32.00, 'C');
INSERT INTO `student_score` VALUES ('658927', '销夕拱伙', 21, 78.00, 35.00, 44.67, 21.00, 'C');
INSERT INTO `student_score` VALUES ('658962', '颜详', 2, 49.00, 81.00, 44.00, 0.00, 'C');
INSERT INTO `student_score` VALUES ('660613', '找芦', 69, 9.00, 4.00, 27.33, 46.00, 'C');
INSERT INTO `student_score` VALUES ('660987', '耸褪痊', 32, 88.00, 89.00, 69.67, 67.00, 'B');
INSERT INTO `student_score` VALUES ('661464', '赂难讨', 92, 95.00, 84.00, 90.33, 44.00, 'B');
INSERT INTO `student_score` VALUES ('661673', '向九忠孝', 56, 19.00, 5.00, 26.67, 36.00, 'C');
INSERT INTO `student_score` VALUES ('662089', '腰呐', 68, 13.00, 20.00, 33.67, 46.00, 'C');
INSERT INTO `student_score` VALUES ('666486', '晴仟', 63, 9.00, 97.00, 56.33, 29.00, 'C');
INSERT INTO `student_score` VALUES ('666715', '秘趟', 41, 99.00, 38.00, 59.33, 36.00, 'C');
INSERT INTO `student_score` VALUES ('668443', '骡瑚狭', 56, 95.00, 20.00, 57.00, 70.00, 'B');
INSERT INTO `student_score` VALUES ('669156', '腮涡', 51, 21.00, 72.00, 48.00, 52.00, 'C');
INSERT INTO `student_score` VALUES ('672275', '绞拣', 44, 76.00, 94.00, 71.33, 36.00, 'C');
INSERT INTO `student_score` VALUES ('672544', '市经杨旦', 37, 93.00, 49.00, 59.67, 68.00, 'B');
INSERT INTO `student_score` VALUES ('672859', '共些', 91, 35.00, 91.00, 72.33, 97.00, 'B');
INSERT INTO `student_score` VALUES ('673438', '镐', 26, 37.00, 92.00, 51.67, 24.00, 'C');
INSERT INTO `student_score` VALUES ('673595', '鼻薄', 75, 40.00, 81.00, 65.33, 91.00, 'B');
INSERT INTO `student_score` VALUES ('673862', '碑奶', 43, 19.00, 69.00, 43.67, 57.00, 'C');
INSERT INTO `student_score` VALUES ('675339', '纲延婿', 19, 72.00, 54.00, 48.33, 26.00, 'C');
INSERT INTO `student_score` VALUES ('67534', '艾弗森', 45, 87.00, 9.00, 47.00, 88.00, 'B');
INSERT INTO `student_score` VALUES ('678458', '露', 80, 81.00, 36.00, 65.67, 47.00, 'C');
INSERT INTO `student_score` VALUES ('679062', '抗', 92, 27.00, 11.00, 43.33, 80.00, 'C');
INSERT INTO `student_score` VALUES ('680065', '饿', 73, 15.00, 90.00, 59.33, 81.00, 'B');
INSERT INTO `student_score` VALUES ('681722', '宦待', 53, 44.00, 49.00, 48.67, 35.00, 'C');
INSERT INTO `student_score` VALUES ('682356', '旨芯太', 13, 25.00, 94.00, 44.00, 4.00, 'C');
INSERT INTO `student_score` VALUES ('683791', '侗殷砍', 24, 2.00, 43.00, 23.00, 28.00, 'C');
INSERT INTO `student_score` VALUES ('684027', '湛事窄含', 69, 12.00, 85.00, 55.33, 34.00, 'C');
INSERT INTO `student_score` VALUES ('685603', '右擞', 95, 64.00, 5.00, 54.67, 47.00, 'C');
INSERT INTO `student_score` VALUES ('687303', '卿凳胞', 10, 63.00, 20.00, 31.00, 18.00, 'C');
INSERT INTO `student_score` VALUES ('688558', '优外魂步', 91, 29.00, 70.00, 63.33, 10.00, 'C');
INSERT INTO `student_score` VALUES ('689450', '邀朱', 19, 77.00, 39.00, 45.00, 75.00, 'C');
INSERT INTO `student_score` VALUES ('690519', '筐隆', 26, 87.00, 78.00, 63.67, 39.00, 'C');
INSERT INTO `student_score` VALUES ('691226', '谓压', 29, 59.00, 23.00, 37.00, 82.00, 'C');
INSERT INTO `student_score` VALUES ('692491', '腐管持', 84, 1.00, 86.00, 57.00, 46.00, 'C');
INSERT INTO `student_score` VALUES ('692982', '薄', 21, 92.00, 59.00, 57.33, 27.00, 'C');
INSERT INTO `student_score` VALUES ('693422', '扔照', 65, 9.00, 55.00, 43.00, 33.00, 'C');
INSERT INTO `student_score` VALUES ('696467', '婆', 67, 14.00, 35.00, 38.67, 15.00, 'C');
INSERT INTO `student_score` VALUES ('696931', '塑搬', 0, 26.00, 7.00, 11.00, 39.00, 'C');
INSERT INTO `student_score` VALUES ('696941', '舍', 3, 12.00, 26.00, 13.67, 36.00, 'C');
INSERT INTO `student_score` VALUES ('697468', '痔忌向', 1, 32.00, 50.00, 27.67, 59.00, 'C');
INSERT INTO `student_score` VALUES ('697609', '啼处步', 83, 37.00, 87.00, 69.00, 77.00, 'B');
INSERT INTO `student_score` VALUES ('698154', '论伶蓑', 77, 54.00, 19.00, 50.00, 10.00, 'C');
INSERT INTO `student_score` VALUES ('698243', '羔婉吝', 6, 52.00, 93.00, 50.33, 92.00, 'B');
INSERT INTO `student_score` VALUES ('698316', '第', 42, 95.00, 57.00, 64.67, 12.00, 'C');
INSERT INTO `student_score` VALUES ('700199', '烬氨刽', 87, 7.00, 92.00, 62.00, 66.00, 'B');
INSERT INTO `student_score` VALUES ('700672', '孰悸', 97, 94.00, 34.00, 75.00, 16.00, 'C');
INSERT INTO `student_score` VALUES ('701165', '仇煽鞋', 24, 78.00, 12.00, 38.00, 6.00, 'C');
INSERT INTO `student_score` VALUES ('701908', '修孕', 91, 70.00, 57.00, 72.67, 45.00, 'B');
INSERT INTO `student_score` VALUES ('701909', '戚柜', 36, 65.00, 6.00, 35.67, 68.00, 'C');
INSERT INTO `student_score` VALUES ('702135', '聚添', 88, 85.00, 27.00, 66.67, 9.00, 'C');
INSERT INTO `student_score` VALUES ('702699', '烈吠', 96, 71.00, 46.00, 71.00, 26.00, 'C');
INSERT INTO `student_score` VALUES ('704053', '郴巾', 15, 69.00, 49.00, 44.33, 30.00, 'C');
INSERT INTO `student_score` VALUES ('704055', '歇闷', 19, 5.00, 62.00, 28.67, 14.00, 'C');
INSERT INTO `student_score` VALUES ('704237', '皋', 10, 84.00, 16.00, 36.67, 41.00, 'C');
INSERT INTO `student_score` VALUES ('704439', '战偏', 73, 34.00, 81.00, 62.67, 61.00, 'B');
INSERT INTO `student_score` VALUES ('704651', '乖厦摘', 76, 18.00, 36.00, 43.33, 55.00, 'C');
INSERT INTO `student_score` VALUES ('705997', '贼烘形乳', 8, 25.00, 58.00, 30.33, 27.00, 'C');
INSERT INTO `student_score` VALUES ('706211', '境应酬电', 27, 94.00, 38.00, 53.00, 33.00, 'C');
INSERT INTO `student_score` VALUES ('707442', '庭鹿辕飘', 23, 31.00, 8.00, 20.67, 65.00, 'C');
INSERT INTO `student_score` VALUES ('707935', '科姻芭鲸', 13, 52.00, 47.00, 37.33, 64.00, 'C');
INSERT INTO `student_score` VALUES ('708888', '桓忱', 78, 51.00, 91.00, 73.33, 78.00, 'B');
INSERT INTO `student_score` VALUES ('708956', '扛呀纪耗', 57, 83.00, 88.00, 76.00, 1.00, 'C');
INSERT INTO `student_score` VALUES ('709221', '争畴', 1, 72.00, 51.00, 41.33, 25.00, 'C');
INSERT INTO `student_score` VALUES ('710559', '杀', 39, 58.00, 59.00, 52.00, 3.00, 'C');
INSERT INTO `student_score` VALUES ('710630', '辆汤骑氢', 74, 77.00, 70.00, 73.67, 43.00, 'B');
INSERT INTO `student_score` VALUES ('711023', '寒共衔', 28, 96.00, 83.00, 69.00, 58.00, 'B');
INSERT INTO `student_score` VALUES ('711850', '皂股', 87, 52.00, 0.00, 46.33, 67.00, 'C');
INSERT INTO `student_score` VALUES ('712360', '傲瘴杂舔渡', 3, 17.00, 44.00, 21.33, 61.00, 'C');
INSERT INTO `student_score` VALUES ('712822', '棱湿硼移型', 1, 35.00, 48.00, 28.00, 2.00, 'C');
INSERT INTO `student_score` VALUES ('714054', '艘搬蛾', 72, 74.00, 60.00, 68.67, 21.00, 'C');
INSERT INTO `student_score` VALUES ('714389', '型畏', 25, 36.00, 79.00, 46.67, 39.00, 'C');
INSERT INTO `student_score` VALUES ('714752', '哺腔噬', 75, 96.00, 31.00, 67.33, 63.00, 'B');
INSERT INTO `student_score` VALUES ('715107', '鹏够', 72, 1.00, 57.00, 43.33, 0.00, 'C');
INSERT INTO `student_score` VALUES ('715216', '娜窥恕', 17, 64.00, 96.00, 59.00, 87.00, 'B');
INSERT INTO `student_score` VALUES ('715654', '幼墨', 73, 30.00, 57.00, 53.33, 33.00, 'C');
INSERT INTO `student_score` VALUES ('715736', '也浚双役', 50, 18.00, 94.00, 54.00, 5.00, 'C');
INSERT INTO `student_score` VALUES ('715986', '瓣票', 23, 40.00, 69.00, 44.00, 46.00, 'C');
INSERT INTO `student_score` VALUES ('716410', '虏呕兔', 85, 93.00, 63.00, 80.33, 9.00, 'C');
INSERT INTO `student_score` VALUES ('716455', '佃承尽', 69, 37.00, 64.00, 56.67, 16.00, 'C');
INSERT INTO `student_score` VALUES ('716687', '辆障', 40, 12.00, 85.00, 45.67, 10.00, 'C');
INSERT INTO `student_score` VALUES ('718711', '县羽', 28, 25.00, 15.00, 22.67, 6.00, 'C');
INSERT INTO `student_score` VALUES ('719848', '符', 84, 12.00, 36.00, 44.00, 76.00, 'C');
INSERT INTO `student_score` VALUES ('720581', '戈', 36, 83.00, 96.00, 71.67, 29.00, 'C');
INSERT INTO `student_score` VALUES ('720685', '荣寇裕', 73, 46.00, 58.00, 59.00, 58.00, 'C');
INSERT INTO `student_score` VALUES ('721335', '只析些', 36, 35.00, 41.00, 37.33, 21.00, 'C');
INSERT INTO `student_score` VALUES ('721858', '附疾狱', 44, 49.00, 47.00, 46.67, 92.00, 'B');
INSERT INTO `student_score` VALUES ('722316', '陪娥烂', 38, 74.00, 91.00, 67.67, 83.00, 'B');
INSERT INTO `student_score` VALUES ('725318', '改', 32, 65.00, 23.00, 40.00, 4.00, 'C');
INSERT INTO `student_score` VALUES ('725533', '瑟', 8, 29.00, 76.00, 37.67, 58.00, 'C');
INSERT INTO `student_score` VALUES ('726607', '沉城', 39, 30.00, 97.00, 55.33, 55.00, 'C');
INSERT INTO `student_score` VALUES ('726695', '忘', 8, 84.00, 93.00, 61.67, 78.00, 'B');
INSERT INTO `student_score` VALUES ('727026', '赎智独', 90, 24.00, 94.00, 69.33, 92.00, 'B');
INSERT INTO `student_score` VALUES ('728044', '给', 78, 18.00, 61.00, 52.33, 10.00, 'C');
INSERT INTO `student_score` VALUES ('728391', '瓷', 46, 13.00, 75.00, 44.67, 92.00, 'B');
INSERT INTO `student_score` VALUES ('728663', '循目', 41, 12.00, 89.00, 47.33, 48.00, 'C');
INSERT INTO `student_score` VALUES ('730074', '蚊斧酒', 15, 55.00, 82.00, 50.67, 14.00, 'C');
INSERT INTO `student_score` VALUES ('730435', '诽咎份', 2, 9.00, 57.00, 22.67, 62.00, 'C');
INSERT INTO `student_score` VALUES ('730454', '喉衙谊', 43, 73.00, 51.00, 55.67, 61.00, 'C');
INSERT INTO `student_score` VALUES ('730933', '金寝', 26, 62.00, 47.00, 45.00, 84.00, 'B');
INSERT INTO `student_score` VALUES ('732509', '酥火', 30, 85.00, 74.00, 63.00, 61.00, 'B');
INSERT INTO `student_score` VALUES ('732677', '坤早', 73, 13.00, 64.00, 50.00, 51.00, 'C');
INSERT INTO `student_score` VALUES ('733879', '它旨堤', 64, 76.00, 72.00, 70.67, 6.00, 'C');
INSERT INTO `student_score` VALUES ('734818', '遍臂', 48, 78.00, 14.00, 46.67, 35.00, 'C');
INSERT INTO `student_score` VALUES ('736104', '怜弘', 65, 92.00, 82.00, 79.67, 70.00, 'B');
INSERT INTO `student_score` VALUES ('736688', '枝搞漏', 15, 63.00, 97.00, 58.33, 54.00, 'C');
INSERT INTO `student_score` VALUES ('736833', '萍旅锐涅潭', 56, 88.00, 68.00, 70.67, 29.00, 'C');
INSERT INTO `student_score` VALUES ('738143', '吠缴', 38, 12.00, 7.00, 19.00, 20.00, 'C');
INSERT INTO `student_score` VALUES ('739364', '掇', 47, 68.00, 47.00, 54.00, 57.00, 'C');
INSERT INTO `student_score` VALUES ('739408', '体兢娇', 72, 8.00, 21.00, 33.67, 24.00, 'C');
INSERT INTO `student_score` VALUES ('739992', '迄旅', 88, 62.00, 26.00, 58.67, 23.00, 'C');
INSERT INTO `student_score` VALUES ('740704', '掠慢聊', 7, 3.00, 78.00, 29.33, 84.00, 'C');
INSERT INTO `student_score` VALUES ('741258', '飞过海', 54, 78.00, 89.00, 73.67, 98.00, 'B');
INSERT INTO `student_score` VALUES ('741562', '俗李', 44, 86.00, 66.00, 65.33, 91.00, 'B');
INSERT INTO `student_score` VALUES ('741852', '更换', 52, 5.00, 4.00, 20.33, 4.00, 'C');
INSERT INTO `student_score` VALUES ('741923', '青惶羔昏', 67, 91.00, 24.00, 60.67, 31.00, 'C');
INSERT INTO `student_score` VALUES ('742939', '才争竹', 16, 51.00, 18.00, 28.33, 63.00, 'C');
INSERT INTO `student_score` VALUES ('744502', '涅乓咙伏', 66, 4.00, 89.00, 53.00, 4.00, 'C');
INSERT INTO `student_score` VALUES ('744517', '芹粳辱', 52, 17.00, 50.00, 39.67, 63.00, 'C');
INSERT INTO `student_score` VALUES ('744731', '禄方酝', 70, 88.00, 91.00, 83.00, 73.00, 'B');
INSERT INTO `student_score` VALUES ('745636', '碑苫', 41, 2.00, 95.00, 46.00, 35.00, 'C');
INSERT INTO `student_score` VALUES ('746075', '蹦辗鹃', 70, 50.00, 34.00, 51.33, 88.00, 'B');
INSERT INTO `student_score` VALUES ('746879', '冰群', 60, 73.00, 66.00, 66.33, 77.00, 'B');
INSERT INTO `student_score` VALUES ('746999', '遁穷', 24, 68.00, 89.00, 60.33, 19.00, 'C');
INSERT INTO `student_score` VALUES ('747250', '泣苟', 35, 25.00, 26.00, 28.67, 3.00, 'C');
INSERT INTO `student_score` VALUES ('747774', '卸茸泛期', 96, 6.00, 50.00, 50.67, 11.00, 'C');
INSERT INTO `student_score` VALUES ('749156', '淬', 4, 96.00, 3.00, 34.33, 8.00, 'C');
INSERT INTO `student_score` VALUES ('749307', '枷宽盈笆', 28, 73.00, 24.00, 41.67, 45.00, 'C');
INSERT INTO `student_score` VALUES ('750279', '路腹县', 47, 40.00, 58.00, 48.33, 7.00, 'C');
INSERT INTO `student_score` VALUES ('750776', '隘啦傍魏', 83, 27.00, 94.00, 68.00, 95.00, 'B');
INSERT INTO `student_score` VALUES ('752655', '殃狙澳艾', 26, 10.00, 93.00, 43.00, 12.00, 'C');
INSERT INTO `student_score` VALUES ('754639', '盔萎锹', 12, 97.00, 27.00, 45.33, 28.00, 'C');
INSERT INTO `student_score` VALUES ('755362', '柔', 35, 43.00, 55.00, 44.33, 91.00, 'B');
INSERT INTO `student_score` VALUES ('755388', '塑宾', 16, 20.00, 66.00, 34.00, 60.00, 'C');
INSERT INTO `student_score` VALUES ('757255', '达拂', 46, 39.00, 38.00, 41.00, 77.00, 'C');
INSERT INTO `student_score` VALUES ('759481', '颓', 21, 81.00, 75.00, 59.00, 17.00, 'C');
INSERT INTO `student_score` VALUES ('760128', '既塑', 58, 26.00, 62.00, 48.67, 1.00, 'C');
INSERT INTO `student_score` VALUES ('760798', '栽滴', 88, 85.00, 39.00, 70.67, 33.00, 'C');
INSERT INTO `student_score` VALUES ('761067', '澄', 39, 11.00, 65.00, 38.33, 14.00, 'C');
INSERT INTO `student_score` VALUES ('762324', '颧', 42, 80.00, 84.00, 68.67, 25.00, 'C');
INSERT INTO `student_score` VALUES ('762764', '彤敞', 97, 71.00, 92.00, 86.67, 64.00, 'B');
INSERT INTO `student_score` VALUES ('763494', '尉储党', 16, 28.00, 39.00, 27.67, 94.00, 'C');
INSERT INTO `student_score` VALUES ('764863', '滩产', 26, 73.00, 60.00, 53.00, 68.00, 'C');
INSERT INTO `student_score` VALUES ('765117', '达涪晋', 48, 72.00, 54.00, 58.00, 68.00, 'B');
INSERT INTO `student_score` VALUES ('765434', '大飞哥', 99, 98.00, 93.00, 96.67, 95.00, 'A');
INSERT INTO `student_score` VALUES ('765456', '法国恢复', 78, 87.00, 46.00, 70.33, 4.00, 'C');
INSERT INTO `student_score` VALUES ('766116', '铬边', 79, 83.00, 36.00, 66.00, 91.00, 'B');
INSERT INTO `student_score` VALUES ('766570', '袱渭', 63, 25.00, 32.00, 40.00, 21.00, 'C');
INSERT INTO `student_score` VALUES ('767874', '柏', 15, 15.00, 0.00, 10.00, 87.00, 'C');
INSERT INTO `student_score` VALUES ('767990', '跑虎竖叉', 84, 35.00, 65.00, 61.33, 87.00, 'B');
INSERT INTO `student_score` VALUES ('768019', '堵看裹择', 79, 44.00, 69.00, 64.00, 8.00, 'C');
INSERT INTO `student_score` VALUES ('769368', '冬镁肚圾', 77, 67.00, 58.00, 67.33, 33.00, 'C');
INSERT INTO `student_score` VALUES ('769723', '忘', 93, 10.00, 14.00, 39.00, 75.00, 'C');
INSERT INTO `student_score` VALUES ('770427', '浅', 63, 85.00, 53.00, 67.00, 53.00, 'B');
INSERT INTO `student_score` VALUES ('770542', '在凳胎掷够', 46, 58.00, 31.00, 45.00, 97.00, 'B');
INSERT INTO `student_score` VALUES ('770635', '账腋浓几', 30, 91.00, 26.00, 49.00, 43.00, 'C');
INSERT INTO `student_score` VALUES ('770842', '幽锯', 47, 2.00, 44.00, 31.00, 51.00, 'C');
INSERT INTO `student_score` VALUES ('771553', '盈摇淖箔', 21, 0.00, 26.00, 15.67, 44.00, 'C');
INSERT INTO `student_score` VALUES ('772287', '屯棵', 14, 91.00, 94.00, 66.33, 43.00, 'C');
INSERT INTO `student_score` VALUES ('773069', '艳鼻', 46, 36.00, 45.00, 42.33, 5.00, 'C');
INSERT INTO `student_score` VALUES ('773532', '韧静戴', 27, 2.00, 12.00, 13.67, 94.00, 'C');
INSERT INTO `student_score` VALUES ('773861', '锦', 90, 26.00, 97.00, 71.00, 3.00, 'C');
INSERT INTO `student_score` VALUES ('774384', '藕', 82, 13.00, 72.00, 55.67, 12.00, 'C');
INSERT INTO `student_score` VALUES ('775194', '搁尔凤惩', 93, 61.00, 3.00, 52.33, 46.00, 'C');
INSERT INTO `student_score` VALUES ('775521', '汪心曾诛', 86, 4.00, 5.00, 31.67, 63.00, 'C');
INSERT INTO `student_score` VALUES ('775628', '呢捂粗', 49, 43.00, 20.00, 37.33, 87.00, 'C');
INSERT INTO `student_score` VALUES ('776558', '深', 43, 48.00, 4.00, 31.67, 86.00, 'C');
INSERT INTO `student_score` VALUES ('776743', '消', 19, 86.00, 39.00, 48.00, 88.00, 'B');
INSERT INTO `student_score` VALUES ('777226', '洒草傈撵', 16, 54.00, 23.00, 31.00, 6.00, 'C');
INSERT INTO `student_score` VALUES ('777538', '涂', 8, 37.00, 60.00, 35.00, 7.00, 'C');
INSERT INTO `student_score` VALUES ('777804', '甲贿挟', 68, 3.00, 16.00, 29.00, 94.00, 'C');
INSERT INTO `student_score` VALUES ('777849', '湃', 47, 29.00, 14.00, 30.00, 64.00, 'C');
INSERT INTO `student_score` VALUES ('778784', '箱冕拴', 0, 43.00, 16.00, 19.67, 31.00, 'C');
INSERT INTO `student_score` VALUES ('779719', '捂硼', 72, 37.00, 23.00, 44.00, 90.00, 'B');
INSERT INTO `student_score` VALUES ('780123', '圈瑞兵', 2, 36.00, 74.00, 37.33, 93.00, 'C');
INSERT INTO `student_score` VALUES ('780188', '井倪亭', 58, 60.00, 93.00, 70.33, 65.00, 'B');
INSERT INTO `student_score` VALUES ('781918', '铂主异', 2, 76.00, 83.00, 53.67, 94.00, 'B');
INSERT INTO `student_score` VALUES ('782482', '刹', 19, 97.00, 62.00, 59.33, 51.00, 'C');
INSERT INTO `student_score` VALUES ('783589', '盈瀑肥', 91, 25.00, 57.00, 57.67, 10.00, 'C');
INSERT INTO `student_score` VALUES ('783636', '戮默', 83, 89.00, 98.00, 90.00, 89.00, 'B');
INSERT INTO `student_score` VALUES ('783746', '轻绢释', 62, 2.00, 0.00, 21.33, 78.00, 'C');
INSERT INTO `student_score` VALUES ('784903', '踢耗拿豹', 32, 53.00, 82.00, 55.67, 64.00, 'C');
INSERT INTO `student_score` VALUES ('785454', '固话', 45, 65.00, 4.00, 38.00, 4.00, 'C');
INSERT INTO `student_score` VALUES ('785669', '档键搐替烁', 33, 62.00, 66.00, 53.67, 83.00, 'B');
INSERT INTO `student_score` VALUES ('785987', '汤', 53, 60.00, 43.00, 52.00, 21.00, 'C');
INSERT INTO `student_score` VALUES ('786307', '呆', 33, 7.00, 95.00, 45.00, 74.00, 'C');
INSERT INTO `student_score` VALUES ('786531', '徽澈夫梧', 79, 92.00, 16.00, 62.33, 85.00, 'B');
INSERT INTO `student_score` VALUES ('786663', '靶抖', 1, 52.00, 78.00, 43.67, 71.00, 'C');
INSERT INTO `student_score` VALUES ('787244', '情', 1, 60.00, 52.00, 37.67, 7.00, 'C');
INSERT INTO `student_score` VALUES ('787309', '骚荧', 68, 78.00, 23.00, 56.33, 75.00, 'B');
INSERT INTO `student_score` VALUES ('787991', '迭匣留馋', 88, 33.00, 21.00, 47.33, 80.00, 'B');
INSERT INTO `student_score` VALUES ('788012', '赛', 19, 93.00, 37.00, 49.67, 31.00, 'C');
INSERT INTO `student_score` VALUES ('788327', '亿躯', 81, 36.00, 23.00, 46.67, 70.00, 'C');
INSERT INTO `student_score` VALUES ('788370', '智怠洪醛洱', 53, 78.00, 12.00, 47.67, 18.00, 'C');
INSERT INTO `student_score` VALUES ('789456', '豆腐干和', 98, 98.00, 98.00, 98.00, 98.00, 'A');
INSERT INTO `student_score` VALUES ('789759', '论猾', 52, 45.00, 7.00, 34.67, 33.00, 'C');
INSERT INTO `student_score` VALUES ('789850', '竭颊', 16, 72.00, 68.00, 52.00, 57.00, 'C');
INSERT INTO `student_score` VALUES ('789919', '翟迄遗', 67, 21.00, 27.00, 38.33, 18.00, 'C');
INSERT INTO `student_score` VALUES ('790064', '甄歇', 6, 89.00, 25.00, 40.00, 51.00, 'C');
INSERT INTO `student_score` VALUES ('790397', '坡步', 34, 0.00, 22.00, 18.67, 10.00, 'C');
INSERT INTO `student_score` VALUES ('790623', '楷', 91, 87.00, 76.00, 84.67, 4.00, 'C');
INSERT INTO `student_score` VALUES ('791127', '窘', 34, 25.00, 7.00, 22.00, 39.00, 'C');
INSERT INTO `student_score` VALUES ('791737', '勉蜒', 51, 15.00, 72.00, 46.00, 25.00, 'C');
INSERT INTO `student_score` VALUES ('793335', '店怪', 26, 16.00, 15.00, 19.00, 95.00, 'C');
INSERT INTO `student_score` VALUES ('795167', '雾决钉', 37, 25.00, 14.00, 25.33, 20.00, 'C');
INSERT INTO `student_score` VALUES ('795728', '糜肿熏龚', 83, 44.00, 84.00, 70.33, 79.00, 'B');
INSERT INTO `student_score` VALUES ('796667', '抽叮钞坏', 96, 17.00, 45.00, 52.67, 66.00, 'C');
INSERT INTO `student_score` VALUES ('797604', '膜辆沏', 6, 32.00, 96.00, 44.67, 21.00, 'C');
INSERT INTO `student_score` VALUES ('797620', '啮', 20, 73.00, 26.00, 39.67, 71.00, 'C');
INSERT INTO `student_score` VALUES ('798325', '卜', 96, 4.00, 90.00, 63.33, 45.00, 'C');
INSERT INTO `student_score` VALUES ('798437', '狐', 0, 58.00, 94.00, 50.67, 19.00, 'C');
INSERT INTO `student_score` VALUES ('798676', '岸刺蛰筋', 53, 40.00, 14.00, 35.67, 86.00, 'C');
INSERT INTO `student_score` VALUES ('799161', '决呸佰', 70, 70.00, 0.00, 46.67, 9.00, 'C');
INSERT INTO `student_score` VALUES ('800063', '覆', 0, 19.00, 85.00, 34.67, 36.00, 'C');
INSERT INTO `student_score` VALUES ('800922', '疤', 1, 54.00, 5.00, 20.00, 49.00, 'C');
INSERT INTO `student_score` VALUES ('800947', '痛孺', 32, 0.00, 77.00, 36.33, 46.00, 'C');
INSERT INTO `student_score` VALUES ('801151', '帘踞', 44, 35.00, 65.00, 48.00, 57.00, 'C');
INSERT INTO `student_score` VALUES ('802184', '太', 39, 31.00, 19.00, 29.67, 15.00, 'C');
INSERT INTO `student_score` VALUES ('802786', '孵取伯', 85, 29.00, 66.00, 60.00, 36.00, 'C');
INSERT INTO `student_score` VALUES ('803487', '执客', 47, 14.00, 65.00, 42.00, 85.00, 'C');
INSERT INTO `student_score` VALUES ('803641', '腥稿窖', 45, 78.00, 72.00, 65.00, 32.00, 'C');
INSERT INTO `student_score` VALUES ('803958', '埠沏鉴因诚', 2, 72.00, 47.00, 40.33, 69.00, 'C');
INSERT INTO `student_score` VALUES ('805505', '省屉立珍', 4, 86.00, 13.00, 34.33, 12.00, 'C');
INSERT INTO `student_score` VALUES ('806242', '材婶梯紊', 94, 38.00, 73.00, 68.33, 6.00, 'C');
INSERT INTO `student_score` VALUES ('806698', '露摇', 84, 80.00, 92.00, 85.33, 6.00, 'C');
INSERT INTO `student_score` VALUES ('807203', '区文支圈拾', 86, 16.00, 2.00, 34.67, 68.00, 'C');
INSERT INTO `student_score` VALUES ('807358', '诀讳夹', 55, 92.00, 53.00, 66.67, 16.00, 'C');
INSERT INTO `student_score` VALUES ('807856', '叹', 77, 36.00, 27.00, 46.67, 31.00, 'C');
INSERT INTO `student_score` VALUES ('808106', '陀坦', 46, 43.00, 9.00, 32.67, 54.00, 'C');
INSERT INTO `student_score` VALUES ('811116', '门仇伤睬泄恒', 90, 2.00, 99.00, 63.67, 93.00, 'B');
INSERT INTO `student_score` VALUES ('811165', '陛勋洲', 29, 51.00, 68.00, 49.33, 22.00, 'C');
INSERT INTO `student_score` VALUES ('811557', '殃钓洞依', 65, 62.00, 91.00, 72.67, 50.00, 'B');
INSERT INTO `student_score` VALUES ('811776', '乐脯慰又', 14, 26.00, 35.00, 25.00, 19.00, 'C');
INSERT INTO `student_score` VALUES ('812474', '营杭犯', 31, 33.00, 40.00, 34.67, 82.00, 'C');
INSERT INTO `student_score` VALUES ('812660', '潜狮枝', 73, 12.00, 75.00, 53.33, 35.00, 'C');
INSERT INTO `student_score` VALUES ('812669', '苍出芯十', 13, 71.00, 30.00, 38.00, 77.00, 'C');
INSERT INTO `student_score` VALUES ('813372', '漠返', 60, 42.00, 82.00, 61.33, 0.00, 'C');
INSERT INTO `student_score` VALUES ('813800', '漏颓', 3, 12.00, 35.00, 16.67, 12.00, 'C');
INSERT INTO `student_score` VALUES ('813935', '扔疚', 11, 27.00, 86.00, 41.33, 81.00, 'C');
INSERT INTO `student_score` VALUES ('814494', '档', 8, 37.00, 95.00, 46.67, 7.00, 'C');
INSERT INTO `student_score` VALUES ('814706', '危苦赎', 31, 24.00, 31.00, 28.67, 76.00, 'C');
INSERT INTO `student_score` VALUES ('815409', '笺磨肩', 58, 56.00, 69.00, 61.00, 78.00, 'B');
INSERT INTO `student_score` VALUES ('816313', '轮翅', 91, 96.00, 68.00, 85.00, 86.00, 'B');
INSERT INTO `student_score` VALUES ('816939', '半', 69, 7.00, 81.00, 52.33, 2.00, 'C');
INSERT INTO `student_score` VALUES ('818783', '万运', 39, 84.00, 64.00, 62.33, 88.00, 'B');
INSERT INTO `student_score` VALUES ('818861', '俯苞弥', 22, 92.00, 14.00, 42.67, 20.00, 'C');
INSERT INTO `student_score` VALUES ('819183', '等方摊吨', 66, 66.00, 66.00, 66.00, 47.00, 'C');
INSERT INTO `student_score` VALUES ('820868', '枷', 91, 26.00, 59.00, 58.67, 90.00, 'B');
INSERT INTO `student_score` VALUES ('821388', '赴巩坦', 83, 17.00, 89.00, 63.00, 91.00, 'B');
INSERT INTO `student_score` VALUES ('821505', '桐驰帛狞', 11, 0.00, 32.00, 14.33, 8.00, 'C');
INSERT INTO `student_score` VALUES ('823560', '坊', 20, 88.00, 36.00, 48.00, 47.00, 'C');
INSERT INTO `student_score` VALUES ('825431', '掇', 11, 12.00, 39.00, 20.67, 23.00, 'C');
INSERT INTO `student_score` VALUES ('826391', '狸', 83, 69.00, 69.00, 73.67, 54.00, 'B');
INSERT INTO `student_score` VALUES ('826447', '忿痉贼丈晦雷', 90, 72.00, 29.00, 63.67, 27.00, 'C');
INSERT INTO `student_score` VALUES ('827558', '勿殿', 85, 61.00, 24.00, 56.67, 22.00, 'C');
INSERT INTO `student_score` VALUES ('828282', '闯房', 78, 27.00, 27.00, 44.00, 49.00, 'C');
INSERT INTO `student_score` VALUES ('828404', '构钓', 52, 34.00, 63.00, 49.67, 84.00, 'B');
INSERT INTO `student_score` VALUES ('829471', '侄鸡丰', 39, 54.00, 45.00, 46.00, 55.00, 'C');
INSERT INTO `student_score` VALUES ('829604', '弛低', 68, 51.00, 27.00, 48.67, 36.00, 'C');
INSERT INTO `student_score` VALUES ('831031', '焙艳', 42, 41.00, 52.00, 45.00, 67.00, 'C');
INSERT INTO `student_score` VALUES ('831516', '减辑', 58, 76.00, 51.00, 61.67, 23.00, 'C');
INSERT INTO `student_score` VALUES ('832506', '甚路', 66, 53.00, 51.00, 56.67, 67.00, 'B');
INSERT INTO `student_score` VALUES ('833136', '潍宣痘', 78, 57.00, 49.00, 61.33, 19.00, 'C');
INSERT INTO `student_score` VALUES ('833714', '掉商', 23, 73.00, 83.00, 59.67, 28.00, 'C');
INSERT INTO `student_score` VALUES ('833754', '航', 3, 16.00, 23.00, 14.00, 42.00, 'C');
INSERT INTO `student_score` VALUES ('835437', '餐扑', 17, 45.00, 10.00, 24.00, 43.00, 'C');
INSERT INTO `student_score` VALUES ('836244', '衔', 87, 73.00, 24.00, 61.33, 79.00, 'B');
INSERT INTO `student_score` VALUES ('836347', '吱峰趣松', 29, 78.00, 77.00, 61.33, 96.00, 'B');
INSERT INTO `student_score` VALUES ('836653', '冰', 84, 79.00, 9.00, 57.33, 13.00, 'C');
INSERT INTO `student_score` VALUES ('836961', '熙骸录', 12, 10.00, 5.00, 9.00, 95.00, 'C');
INSERT INTO `student_score` VALUES ('837501', '瑞箍', 11, 16.00, 74.00, 33.67, 98.00, 'C');
INSERT INTO `student_score` VALUES ('837822', '乒汾', 21, 91.00, 70.00, 60.67, 96.00, 'B');
INSERT INTO `student_score` VALUES ('837832', '株坑广', 47, 52.00, 91.00, 63.33, 1.00, 'C');
INSERT INTO `student_score` VALUES ('838005', '助懒', 94, 47.00, 94.00, 78.33, 5.00, 'C');
INSERT INTO `student_score` VALUES ('838246', '攒吨', 0, 19.00, 8.00, 9.00, 13.00, 'C');
INSERT INTO `student_score` VALUES ('840121', '狙昭', 3, 81.00, 90.00, 58.00, 67.00, 'B');
INSERT INTO `student_score` VALUES ('840462', '捧后', 53, 47.00, 18.00, 39.33, 28.00, 'C');
INSERT INTO `student_score` VALUES ('840725', '心岳', 94, 21.00, 93.00, 69.33, 4.00, 'C');
INSERT INTO `student_score` VALUES ('840791', '抹寇精', 21, 25.00, 72.00, 39.33, 3.00, 'C');
INSERT INTO `student_score` VALUES ('840820', '垛洁坎', 36, 9.00, 79.00, 41.33, 55.00, 'C');
INSERT INTO `student_score` VALUES ('842994', '区搏', 90, 24.00, 29.00, 47.67, 27.00, 'C');
INSERT INTO `student_score` VALUES ('843905', '甸儡界参', 66, 90.00, 29.00, 61.67, 77.00, 'B');
INSERT INTO `student_score` VALUES ('844592', '忱涣', 71, 78.00, 18.00, 55.67, 92.00, 'B');
INSERT INTO `student_score` VALUES ('845677', '跳', 48, 0.00, 25.00, 24.33, 32.00, 'C');
INSERT INTO `student_score` VALUES ('846170', '您', 18, 45.00, 43.00, 35.33, 70.00, 'C');
INSERT INTO `student_score` VALUES ('846962', '册', 38, 95.00, 82.00, 71.67, 73.00, 'B');
INSERT INTO `student_score` VALUES ('847234', '霹巨', 23, 2.00, 89.00, 38.00, 79.00, 'C');
INSERT INTO `student_score` VALUES ('847579', '乞铆会', 60, 1.00, 93.00, 51.33, 26.00, 'C');
INSERT INTO `student_score` VALUES ('848005', '囊', 42, 84.00, 51.00, 59.00, 65.00, 'B');
INSERT INTO `student_score` VALUES ('849513', '堡囤荣寨', 8, 83.00, 99.00, 63.33, 71.00, 'B');
INSERT INTO `student_score` VALUES ('849680', '心枣', 70, 9.00, 82.00, 53.67, 88.00, 'B');
INSERT INTO `student_score` VALUES ('851130', '覆研', 59, 98.00, 45.00, 67.33, 33.00, 'C');
INSERT INTO `student_score` VALUES ('852970', '劝愁榷茹', 97, 13.00, 39.00, 49.67, 58.00, 'C');
INSERT INTO `student_score` VALUES ('852972', '箭', 9, 41.00, 9.00, 19.67, 40.00, 'C');
INSERT INTO `student_score` VALUES ('853015', '郎夯屑', 56, 21.00, 48.00, 41.67, 89.00, 'B');
INSERT INTO `student_score` VALUES ('854301', '废', 27, 51.00, 91.00, 56.33, 48.00, 'C');
INSERT INTO `student_score` VALUES ('855028', '弃履', 92, 52.00, 47.00, 63.67, 59.00, 'B');
INSERT INTO `student_score` VALUES ('856536', '奥耙', 55, 73.00, 27.00, 51.67, 49.00, 'C');
INSERT INTO `student_score` VALUES ('856797', '阴幽', 64, 15.00, 81.00, 53.33, 75.00, 'B');
INSERT INTO `student_score` VALUES ('857726', '背余', 93, 63.00, 97.00, 84.33, 67.00, 'B');
INSERT INTO `student_score` VALUES ('857884', '穿俱灾括', 11, 79.00, 22.00, 37.33, 90.00, 'C');
INSERT INTO `student_score` VALUES ('858355', '棒', 76, 28.00, 82.00, 62.00, 8.00, 'C');
INSERT INTO `student_score` VALUES ('858880', '捍仇绷', 11, 15.00, 9.00, 11.67, 78.00, 'C');
INSERT INTO `student_score` VALUES ('860149', '孺抵', 37, 15.00, 18.00, 23.33, 37.00, 'C');
INSERT INTO `student_score` VALUES ('860807', '抒', 41, 78.00, 8.00, 42.33, 30.00, 'C');
INSERT INTO `student_score` VALUES ('861282', '股炔衫', 54, 44.00, 42.00, 46.67, 35.00, 'C');
INSERT INTO `student_score` VALUES ('862492', '汛特关', 78, 78.00, 45.00, 67.00, 21.00, 'C');
INSERT INTO `student_score` VALUES ('862576', '僳米塞连', 48, 97.00, 73.00, 72.67, 10.00, 'C');
INSERT INTO `student_score` VALUES ('862929', '童英谈', 22, 38.00, 6.00, 22.00, 23.00, 'C');
INSERT INTO `student_score` VALUES ('863093', '栅逼', 32, 15.00, 54.00, 33.67, 84.00, 'C');
INSERT INTO `student_score` VALUES ('863826', '鸳悔', 64, 31.00, 80.00, 58.33, 65.00, 'B');
INSERT INTO `student_score` VALUES ('864955', '葡喜', 41, 32.00, 61.00, 44.67, 78.00, 'C');
INSERT INTO `student_score` VALUES ('865313', '些呐酗', 93, 73.00, 29.00, 65.00, 20.00, 'C');
INSERT INTO `student_score` VALUES ('866309', '傅', 67, 26.00, 70.00, 54.33, 39.00, 'C');
INSERT INTO `student_score` VALUES ('867169', '勒烦', 98, 34.00, 28.00, 53.33, 16.00, 'C');
INSERT INTO `student_score` VALUES ('869419', '府孺', 46, 51.00, 87.00, 61.33, 98.00, 'B');
INSERT INTO `student_score` VALUES ('870421', '毅卢帘', 4, 91.00, 31.00, 42.00, 93.00, 'B');
INSERT INTO `student_score` VALUES ('870866', '模颧囱', 12, 24.00, 89.00, 41.67, 36.00, 'C');
INSERT INTO `student_score` VALUES ('871039', '捂', 63, 57.00, 71.00, 63.67, 36.00, 'C');
INSERT INTO `student_score` VALUES ('871512', '杨缔', 87, 97.00, 77.00, 87.00, 82.00, 'B');
INSERT INTO `student_score` VALUES ('872751', '主确禽', 28, 6.00, 72.00, 35.33, 54.00, 'C');
INSERT INTO `student_score` VALUES ('873055', '谍哨萄澎', 7, 54.00, 66.00, 42.33, 14.00, 'C');
INSERT INTO `student_score` VALUES ('873247', '含钙丰富的', 5, 45.00, 43.00, 31.00, 34.00, 'C');
INSERT INTO `student_score` VALUES ('873436', '蛾丘', 47, 1.00, 78.00, 42.00, 83.00, 'C');
INSERT INTO `student_score` VALUES ('873635', '丘冬桓嘎', 84, 67.00, 40.00, 63.67, 16.00, 'C');
INSERT INTO `student_score` VALUES ('874358', '思考法', 100, 100.00, 100.00, 100.00, 100.00, 'A');
INSERT INTO `student_score` VALUES ('874575', '砧狸', 56, 78.00, 17.00, 50.33, 34.00, 'C');
INSERT INTO `student_score` VALUES ('874722', '娶闷褒', 83, 36.00, 32.00, 50.33, 24.00, 'C');
INSERT INTO `student_score` VALUES ('874839', '腿', 25, 22.00, 99.00, 48.67, 45.00, 'C');
INSERT INTO `student_score` VALUES ('875119', '露', 74, 72.00, 1.00, 49.00, 30.00, 'C');
INSERT INTO `student_score` VALUES ('876727', '忆柠循管', 40, 90.00, 74.00, 68.00, 61.00, 'B');
INSERT INTO `student_score` VALUES ('879199', '东州坎', 92, 1.00, 87.00, 60.00, 70.00, 'B');
INSERT INTO `student_score` VALUES ('879357', '谦问', 90, 67.00, 54.00, 70.33, 55.00, 'B');
INSERT INTO `student_score` VALUES ('880318', '我磕', 98, 71.00, 58.00, 75.67, 12.00, 'C');
INSERT INTO `student_score` VALUES ('881426', '光抨懊惠衡', 56, 80.00, 21.00, 52.33, 62.00, 'C');
INSERT INTO `student_score` VALUES ('882174', '你铜倔陶', 16, 22.00, 2.00, 13.33, 14.00, 'C');
INSERT INTO `student_score` VALUES ('882649', '戴屎', 17, 14.00, 30.00, 20.33, 90.00, 'C');
INSERT INTO `student_score` VALUES ('882687', '稼块灶', 86, 55.00, 99.00, 80.00, 1.00, 'C');
INSERT INTO `student_score` VALUES ('885563', '翔射帖京', 71, 29.00, 53.00, 51.00, 46.00, 'C');
INSERT INTO `student_score` VALUES ('886451', '健', 19, 59.00, 82.00, 53.33, 70.00, 'B');
INSERT INTO `student_score` VALUES ('887141', '蔼踏', 88, 99.00, 21.00, 69.33, 55.00, 'B');
INSERT INTO `student_score` VALUES ('887199', '涯埋编', 51, 2.00, 89.00, 47.33, 75.00, 'C');
INSERT INTO `student_score` VALUES ('887249', '唉占', 99, 43.00, 85.00, 75.67, 76.00, 'B');
INSERT INTO `student_score` VALUES ('888980', '硬金挪滚', 37, 10.00, 36.00, 27.67, 29.00, 'C');
INSERT INTO `student_score` VALUES ('890128', '吼角', 66, 79.00, 46.00, 63.67, 36.00, 'C');
INSERT INTO `student_score` VALUES ('890566', '沮掇根芯捂', 75, 46.00, 48.00, 56.33, 35.00, 'C');
INSERT INTO `student_score` VALUES ('890727', '瑚匡', 5, 99.00, 19.00, 41.00, 81.00, 'C');
INSERT INTO `student_score` VALUES ('892998', '惯斗降', 79, 14.00, 2.00, 31.67, 1.00, 'C');
INSERT INTO `student_score` VALUES ('896638', '搁暖豌', 45, 19.00, 31.00, 31.67, 99.00, 'C');
INSERT INTO `student_score` VALUES ('898437', '不孟出', 48, 96.00, 57.00, 67.00, 15.00, 'C');
INSERT INTO `student_score` VALUES ('899044', '瓣', 40, 92.00, 81.00, 71.00, 88.00, 'B');
INSERT INTO `student_score` VALUES ('899218', '贼红慧谎', 60, 61.00, 96.00, 72.33, 13.00, 'C');
INSERT INTO `student_score` VALUES ('899783', '四点', 45, 34.00, 23.00, 34.00, 54.00, 'C');
INSERT INTO `student_score` VALUES ('900281', '椭', 85, 17.00, 95.00, 65.67, 0.00, 'C');
INSERT INTO `student_score` VALUES ('900814', '馏', 51, 33.00, 55.00, 46.33, 92.00, 'B');
INSERT INTO `student_score` VALUES ('901098', '妇阑', 33, 55.00, 34.00, 40.67, 17.00, 'C');
INSERT INTO `student_score` VALUES ('901794', '灯易弧', 2, 1.00, 82.00, 28.33, 7.00, 'C');
INSERT INTO `student_score` VALUES ('902880', '垃螟荆', 5, 29.00, 89.00, 41.00, 24.00, 'C');
INSERT INTO `student_score` VALUES ('904771', '其辩', 47, 58.00, 28.00, 44.33, 83.00, 'C');
INSERT INTO `student_score` VALUES ('905510', '晕刑', 17, 86.00, 48.00, 50.33, 37.00, 'C');
INSERT INTO `student_score` VALUES ('905870', '例', 65, 56.00, 87.00, 69.33, 85.00, 'B');
INSERT INTO `student_score` VALUES ('906473', '狰', 83, 73.00, 95.00, 83.67, 34.00, 'B');
INSERT INTO `student_score` VALUES ('908141', '迢荐呢甜', 37, 87.00, 99.00, 74.33, 67.00, 'B');
INSERT INTO `student_score` VALUES ('908916', '懦否筏', 8, 81.00, 50.00, 46.33, 78.00, 'C');
INSERT INTO `student_score` VALUES ('911504', '狮堂访', 7, 20.00, 42.00, 23.00, 26.00, 'C');
INSERT INTO `student_score` VALUES ('911707', '乳筹', 91, 0.00, 61.00, 50.67, 20.00, 'C');
INSERT INTO `student_score` VALUES ('911773', '棚雇', 99, 91.00, 53.00, 81.00, 96.00, 'B');
INSERT INTO `student_score` VALUES ('912412', '粹撩需', 94, 72.00, 67.00, 77.67, 31.00, 'C');
INSERT INTO `student_score` VALUES ('912932', '炸蔷狂篡抑畴', 44, 0.00, 89.00, 44.33, 74.00, 'C');
INSERT INTO `student_score` VALUES ('913528', '垒', 38, 29.00, 77.00, 48.00, 49.00, 'C');
INSERT INTO `student_score` VALUES ('913590', '水涩', 98, 83.00, 38.00, 73.00, 54.00, 'B');
INSERT INTO `student_score` VALUES ('913665', '涸', 49, 14.00, 35.00, 32.67, 67.00, 'C');
INSERT INTO `student_score` VALUES ('913887', '蝎课苑悦', 79, 76.00, 67.00, 74.00, 45.00, 'B');
INSERT INTO `student_score` VALUES ('914264', '泉堰尽', 60, 68.00, 12.00, 46.67, 51.00, 'C');
INSERT INTO `student_score` VALUES ('915301', '低顷', 49, 37.00, 67.00, 51.00, 93.00, 'B');
INSERT INTO `student_score` VALUES ('917685', '密际哆返', 40, 35.00, 39.00, 38.00, 31.00, 'C');
INSERT INTO `student_score` VALUES ('919031', '悼皆讥', 64, 10.00, 67.00, 47.00, 64.00, 'C');
INSERT INTO `student_score` VALUES ('919066', '楔窗轴', 17, 8.00, 69.00, 31.33, 35.00, 'C');
INSERT INTO `student_score` VALUES ('919261', '匝多雀汗', 84, 77.00, 92.00, 84.33, 40.00, 'B');
INSERT INTO `student_score` VALUES ('919454', '筏茶', 46, 79.00, 94.00, 73.00, 85.00, 'B');
INSERT INTO `student_score` VALUES ('919500', '妙茶', 48, 52.00, 10.00, 36.67, 49.00, 'C');
INSERT INTO `student_score` VALUES ('919913', '非腮切', 42, 92.00, 8.00, 47.33, 49.00, 'C');
INSERT INTO `student_score` VALUES ('921004', '刊苔', 82, 67.00, 80.00, 76.33, 32.00, 'C');
INSERT INTO `student_score` VALUES ('922646', '腿崭遏汲', 24, 16.00, 60.00, 33.33, 30.00, 'C');
INSERT INTO `student_score` VALUES ('924157', '蔽暗公', 40, 88.00, 6.00, 44.67, 21.00, 'C');
INSERT INTO `student_score` VALUES ('924528', '扶锌萍丛', 28, 20.00, 80.00, 42.67, 52.00, 'C');
INSERT INTO `student_score` VALUES ('925695', '瘸辅', 79, 17.00, 98.00, 64.67, 66.00, 'B');
INSERT INTO `student_score` VALUES ('928151', '袄讼臣', 47, 24.00, 27.00, 32.67, 77.00, 'C');
INSERT INTO `student_score` VALUES ('928486', '没皖花张', 68, 40.00, 37.00, 48.33, 15.00, 'C');
INSERT INTO `student_score` VALUES ('928747', '暂婉', 37, 34.00, 58.00, 43.00, 84.00, 'C');
INSERT INTO `student_score` VALUES ('929592', '声', 61, 56.00, 73.00, 63.33, 67.00, 'B');
INSERT INTO `student_score` VALUES ('930560', '措碾', 78, 74.00, 73.00, 75.00, 92.00, 'B');
INSERT INTO `student_score` VALUES ('931261', '朝钒肪署', 49, 61.00, 63.00, 57.67, 79.00, 'B');
INSERT INTO `student_score` VALUES ('931797', '炼', 7, 11.00, 26.00, 14.67, 47.00, 'C');
INSERT INTO `student_score` VALUES ('932797', '捆咯蜘暇镶', 71, 14.00, 98.00, 61.00, 20.00, 'C');
INSERT INTO `student_score` VALUES ('933222', '传道', 83, 74.00, 26.00, 61.00, 12.00, 'C');
INSERT INTO `student_score` VALUES ('934564', '环觅痴', 65, 15.00, 93.00, 57.67, 78.00, 'B');
INSERT INTO `student_score` VALUES ('934740', '咋颊氓', 83, 47.00, 43.00, 57.67, 7.00, 'C');
INSERT INTO `student_score` VALUES ('935029', '石', 83, 2.00, 7.00, 30.67, 97.00, 'C');
INSERT INTO `student_score` VALUES ('936183', '匹舒', 52, 33.00, 88.00, 57.67, 51.00, 'C');
INSERT INTO `student_score` VALUES ('936754', '荤克影未', 14, 33.00, 58.00, 35.00, 20.00, 'C');
INSERT INTO `student_score` VALUES ('938019', '幻莽枪', 55, 61.00, 66.00, 60.67, 15.00, 'C');
INSERT INTO `student_score` VALUES ('939391', '樱届逾霞', 10, 47.00, 56.00, 37.67, 35.00, 'C');
INSERT INTO `student_score` VALUES ('939664', '蚀滥误呻', 64, 18.00, 16.00, 32.67, 73.00, 'C');
INSERT INTO `student_score` VALUES ('940046', '热蛙', 50, 28.00, 72.00, 50.00, 69.00, 'C');
INSERT INTO `student_score` VALUES ('941135', '洞蛙', 62, 25.00, 60.00, 49.00, 97.00, 'B');
INSERT INTO `student_score` VALUES ('941405', '讣噶镍煞镜', 88, 3.00, 10.00, 33.67, 15.00, 'C');
INSERT INTO `student_score` VALUES ('941502', '豁举棉吃', 6, 94.00, 71.00, 57.00, 4.00, 'C');
INSERT INTO `student_score` VALUES ('941882', '确扔', 18, 21.00, 11.00, 16.67, 56.00, 'C');
INSERT INTO `student_score` VALUES ('942857', '妥丧陀', 49, 43.00, 47.00, 46.33, 45.00, 'C');
INSERT INTO `student_score` VALUES ('943306', '辨恢街', 37, 22.00, 20.00, 26.33, 35.00, 'C');
INSERT INTO `student_score` VALUES ('943756', '奸妊嫌', 25, 74.00, 13.00, 37.33, 30.00, 'C');
INSERT INTO `student_score` VALUES ('946408', '呵', 58, 44.00, 76.00, 59.33, 20.00, 'C');
INSERT INTO `student_score` VALUES ('950773', '斌赏', 38, 95.00, 5.00, 46.00, 68.00, 'C');
INSERT INTO `student_score` VALUES ('950977', '希福竹', 93, 48.00, 54.00, 65.00, 20.00, 'C');
INSERT INTO `student_score` VALUES ('951605', '碑', 4, 58.00, 30.00, 30.67, 79.00, 'C');
INSERT INTO `student_score` VALUES ('951943', '刃俄汾', 24, 46.00, 43.00, 37.67, 45.00, 'C');
INSERT INTO `student_score` VALUES ('952446', '聚颊痒瘸', 92, 92.00, 32.00, 72.00, 90.00, 'B');
INSERT INTO `student_score` VALUES ('956879', '杰订', 51, 59.00, 56.00, 55.33, 6.00, 'C');
INSERT INTO `student_score` VALUES ('957325', '终杨翌', 58, 67.00, 8.00, 44.33, 65.00, 'C');
INSERT INTO `student_score` VALUES ('957821', '桨撂颁', 12, 73.00, 43.00, 42.67, 3.00, 'C');
INSERT INTO `student_score` VALUES ('957839', '孰烈畸', 25, 40.00, 67.00, 44.00, 65.00, 'C');
INSERT INTO `student_score` VALUES ('958414', '扰照咐', 77, 27.00, 59.00, 54.33, 83.00, 'B');
INSERT INTO `student_score` VALUES ('959513', '挺', 55, 94.00, 11.00, 53.33, 66.00, 'C');
INSERT INTO `student_score` VALUES ('959527', '宣吾跋', 28, 15.00, 27.00, 23.33, 20.00, 'C');
INSERT INTO `student_score` VALUES ('959791', '刨谷', 69, 35.00, 15.00, 39.67, 88.00, 'C');
INSERT INTO `student_score` VALUES ('960688', '撩深吃腊裁', 62, 20.00, 13.00, 31.67, 83.00, 'C');
INSERT INTO `student_score` VALUES ('960744', '翅盛宿竞', 89, 29.00, 44.00, 54.00, 20.00, 'C');
INSERT INTO `student_score` VALUES ('961035', '逻', 52, 13.00, 7.00, 24.00, 74.00, 'C');
INSERT INTO `student_score` VALUES ('961157', '溉豪巧络', 55, 72.00, 61.00, 62.67, 98.00, 'B');
INSERT INTO `student_score` VALUES ('961564', '首镐拼', 10, 17.00, 80.00, 35.67, 13.00, 'C');
INSERT INTO `student_score` VALUES ('962085', '惕', 52, 12.00, 50.00, 38.00, 70.00, 'C');
INSERT INTO `student_score` VALUES ('962314', '潜受', 96, 7.00, 18.00, 40.33, 30.00, 'C');
INSERT INTO `student_score` VALUES ('963412', '得韦', 26, 81.00, 31.00, 46.00, 0.00, 'C');
INSERT INTO `student_score` VALUES ('963546', '菊峰允竹', 97, 19.00, 26.00, 47.33, 84.00, 'B');
INSERT INTO `student_score` VALUES ('963734', '输', 32, 86.00, 63.00, 60.33, 40.00, 'C');
INSERT INTO `student_score` VALUES ('963869', '吊骗远吕', 27, 40.00, 86.00, 51.00, 66.00, 'C');
INSERT INTO `student_score` VALUES ('964969', '谰', 79, 78.00, 10.00, 55.67, 99.00, 'B');
INSERT INTO `student_score` VALUES ('965320', '杀', 81, 52.00, 37.00, 56.67, 94.00, 'B');
INSERT INTO `student_score` VALUES ('965663', '谴捍堪可', 10, 22.00, 10.00, 14.00, 22.00, 'C');
INSERT INTO `student_score` VALUES ('966231', '肛渭她龙', 54, 34.00, 68.00, 52.00, 3.00, 'C');
INSERT INTO `student_score` VALUES ('966943', '锌', 19, 92.00, 24.00, 45.00, 82.00, 'C');
INSERT INTO `student_score` VALUES ('967166', '苦氟乏', 70, 8.00, 55.00, 44.33, 68.00, 'C');
INSERT INTO `student_score` VALUES ('967680', '泡授粕', 46, 84.00, 55.00, 61.67, 50.00, 'C');
INSERT INTO `student_score` VALUES ('967871', '春', 32, 9.00, 3.00, 14.67, 19.00, 'C');
INSERT INTO `student_score` VALUES ('968389', '沥钓碗', 32, 10.00, 53.00, 31.67, 31.00, 'C');
INSERT INTO `student_score` VALUES ('968501', '定逃科赔', 47, 0.00, 69.00, 38.67, 19.00, 'C');
INSERT INTO `student_score` VALUES ('969315', '瘁伎嫁', 49, 95.00, 12.00, 52.00, 73.00, 'B');
INSERT INTO `student_score` VALUES ('969638', '昼', 77, 7.00, 23.00, 35.67, 27.00, 'C');
INSERT INTO `student_score` VALUES ('969783', '淫绚', 41, 74.00, 4.00, 39.67, 97.00, 'B');
INSERT INTO `student_score` VALUES ('970968', '罗', 71, 97.00, 3.00, 57.00, 87.00, 'B');
INSERT INTO `student_score` VALUES ('971059', '匙荚球', 97, 39.00, 20.00, 52.00, 24.00, 'C');
INSERT INTO `student_score` VALUES ('971312', '漏', 7, 54.00, 65.00, 42.00, 65.00, 'C');
INSERT INTO `student_score` VALUES ('971549', '胳测', 35, 33.00, 46.00, 38.00, 99.00, 'B');
INSERT INTO `student_score` VALUES ('972753', '螺订旧', 2, 21.00, 88.00, 37.00, 42.00, 'C');
INSERT INTO `student_score` VALUES ('973048', '率悄', 47, 82.00, 18.00, 49.00, 19.00, 'C');
INSERT INTO `student_score` VALUES ('973922', '捆', 0, 32.00, 49.00, 27.00, 35.00, 'C');
INSERT INTO `student_score` VALUES ('974160', '炉傈', 32, 8.00, 1.00, 13.67, 89.00, 'C');
INSERT INTO `student_score` VALUES ('975682', '颈', 5, 96.00, 13.00, 38.00, 3.00, 'C');
INSERT INTO `student_score` VALUES ('976546', '抡俯慈点', 25, 96.00, 60.00, 60.33, 16.00, 'C');
INSERT INTO `student_score` VALUES ('977528', '慧守长易', 94, 43.00, 53.00, 63.33, 22.00, 'C');
INSERT INTO `student_score` VALUES ('978014', '烁', 43, 43.00, 40.00, 42.00, 78.00, 'C');
INSERT INTO `student_score` VALUES ('978139', '驶健郧', 38, 27.00, 46.00, 37.00, 46.00, 'C');
INSERT INTO `student_score` VALUES ('978918', '圣饭会令', 6, 59.00, 39.00, 34.67, 54.00, 'C');
INSERT INTO `student_score` VALUES ('979070', '挺惶市呆', 57, 26.00, 32.00, 38.33, 82.00, 'C');
INSERT INTO `student_score` VALUES ('979328', '柱', 72, 47.00, 62.00, 60.33, 21.00, 'C');
INSERT INTO `student_score` VALUES ('979729', '臆凑', 13, 81.00, 72.00, 55.33, 31.00, 'C');
INSERT INTO `student_score` VALUES ('980079', '完壳', 30, 43.00, 84.00, 52.33, 24.00, 'C');
INSERT INTO `student_score` VALUES ('980431', '与萤嗡缎', 79, 69.00, 39.00, 62.33, 42.00, 'C');
INSERT INTO `student_score` VALUES ('980789', '体帘', 16, 75.00, 66.00, 52.33, 83.00, 'B');
INSERT INTO `student_score` VALUES ('981542', '没赣枫揖', 88, 54.00, 15.00, 52.33, 64.00, 'C');
INSERT INTO `student_score` VALUES ('982303', '教味妖如', 88, 59.00, 25.00, 57.33, 28.00, 'C');
INSERT INTO `student_score` VALUES ('982372', '耐爹', 92, 65.00, 3.00, 53.33, 38.00, 'C');
INSERT INTO `student_score` VALUES ('982932', '陷帐材', 33, 30.00, 64.00, 42.33, 76.00, 'C');
INSERT INTO `student_score` VALUES ('984023', '呛莆', 2, 74.00, 55.00, 43.67, 74.00, 'C');
INSERT INTO `student_score` VALUES ('984032', '卖撕董惫', 67, 51.00, 93.00, 70.33, 49.00, 'B');
INSERT INTO `student_score` VALUES ('984444', '疫爸共', 3, 34.00, 67.00, 34.67, 20.00, 'C');
INSERT INTO `student_score` VALUES ('985081', '阂', 61, 28.00, 22.00, 37.00, 81.00, 'C');
INSERT INTO `student_score` VALUES ('985115', '董吓绣', 56, 9.00, 52.00, 39.00, 3.00, 'C');
INSERT INTO `student_score` VALUES ('985386', '弄锤', 76, 68.00, 78.00, 74.00, 86.00, 'B');
INSERT INTO `student_score` VALUES ('985443', '可售房贷款', 65, 87.00, 45.00, 65.67, 98.00, 'B');
INSERT INTO `student_score` VALUES ('985522', '瘫', 62, 69.00, 65.00, 65.33, 23.00, 'C');
INSERT INTO `student_score` VALUES ('985722', '钦衫革', 39, 30.00, 0.00, 23.00, 7.00, 'C');
INSERT INTO `student_score` VALUES ('986124', '藉柯伎', 21, 57.00, 20.00, 32.67, 28.00, 'C');
INSERT INTO `student_score` VALUES ('987588', '份', 89, 17.00, 35.00, 47.00, 22.00, 'C');
INSERT INTO `student_score` VALUES ('987654', '妨害风化', 99, 87.00, 76.00, 87.33, 65.00, 'B');
INSERT INTO `student_score` VALUES ('987778', '冀甫', 82, 35.00, 20.00, 45.67, 63.00, 'C');
INSERT INTO `student_score` VALUES ('988042', '葛北脆觅', 6, 10.00, 66.00, 27.33, 81.00, 'C');
INSERT INTO `student_score` VALUES ('989379', '民壹盖婪', 13, 63.00, 56.00, 44.00, 20.00, 'C');
INSERT INTO `student_score` VALUES ('990729', '侩精役玉', 27, 68.00, 30.00, 41.67, 34.00, 'C');
INSERT INTO `student_score` VALUES ('991069', '斟姚痈离', 71, 1.00, 69.00, 47.00, 98.00, 'B');
INSERT INTO `student_score` VALUES ('992026', '阔', 46, 88.00, 82.00, 72.00, 33.00, 'C');
INSERT INTO `student_score` VALUES ('992138', '初活', 68, 65.00, 46.00, 59.67, 76.00, 'B');
INSERT INTO `student_score` VALUES ('992236', '未赃', 11, 45.00, 54.00, 36.67, 19.00, 'C');
INSERT INTO `student_score` VALUES ('993438', '拖钱笺', 67, 25.00, 82.00, 58.00, 72.00, 'B');
INSERT INTO `student_score` VALUES ('993552', '豌氮匪', 36, 91.00, 65.00, 64.00, 32.00, 'C');
INSERT INTO `student_score` VALUES ('993554', '纽赖整蜀', 67, 24.00, 51.00, 47.33, 51.00, 'C');
INSERT INTO `student_score` VALUES ('994432', '膀建', 49, 6.00, 45.00, 33.33, 49.00, 'C');
INSERT INTO `student_score` VALUES ('994895', '倪趁奉', 86, 16.00, 33.00, 45.00, 64.00, 'C');
INSERT INTO `student_score` VALUES ('995812', '艘争胆', 34, 6.00, 13.00, 17.67, 75.00, 'C');
INSERT INTO `student_score` VALUES ('996875', '酚喧', 97, 56.00, 78.00, 77.00, 72.00, 'B');
INSERT INTO `student_score` VALUES ('997846', '狗恒汛办', 32, 13.00, 67.00, 37.33, 0.00, 'C');
INSERT INTO `student_score` VALUES ('999205', '屠轻', 11, 37.00, 72.00, 40.00, 94.00, 'B');
INSERT INTO `student_score` VALUES ('999734', '帛', 77, 25.00, 72.00, 58.00, 29.00, 'C');
COMMIT;

-- ----------------------------
-- Table structure for user
-- ----------------------------
DROP TABLE IF EXISTS `user`;
CREATE TABLE `user` (
  `username` varchar(255) NOT NULL,
  `password` varchar(255) NOT NULL,
  PRIMARY KEY (`username`)
) ENGINE=InnoDB DEFAULT CHARSET=utf8;

-- ----------------------------
-- Records of user
-- ----------------------------
BEGIN;
INSERT INTO `user` VALUES (' ', '1ecd23eea6d68f1129483bba56069fd3');
INSERT INTO `user` VALUES ('1111', '640ac5d3a98d864bd663ad0521ecfbc3');
INSERT INTO `user` VALUES ('123', '20184469f37703de201f4d4267d66df6');
INSERT INTO `user` VALUES ('456', 'df25352c332cdb0348c89f5d2af92984');
INSERT INTO `user` VALUES ('456789', '7593d45b3012b43a14dec89a8c83223a');
INSERT INTO `user` VALUES ('789', '20a6787fe709863ca9f57a627e07f9ab');
INSERT INTO `user` VALUES ('789456', '498a3155b94a5449bc36e43eeee6973f');
INSERT INTO `user` VALUES ('admin', '3ef7164d1f6167cb9f2658c07d3c2f0a');
INSERT INTO `user` VALUES ('mmddyy', 'cd85aa972c079929173631a95f15695c');
INSERT INTO `user` VALUES ('yu yu', '73c58f593d3256715393df0f66a79f14');
INSERT INTO `user` VALUES ('yu yu yu', '776366fc2b9fee656388d0281671398a');
COMMIT;

-- ----------------------------
-- Table structure for userandrole
-- ----------------------------
DROP TABLE IF EXISTS `userandrole`;
CREATE TABLE `userandrole` (
  `username` varchar(255) NOT NULL,
  `role` varchar(255) DEFAULT NULL,
  `id` int(11) NOT NULL AUTO_INCREMENT,
  PRIMARY KEY (`id`)
) ENGINE=InnoDB AUTO_INCREMENT=22 DEFAULT CHARSET=utf8;

-- ----------------------------
-- Records of userandrole
-- ----------------------------
BEGIN;
INSERT INTO `userandrole` VALUES ('123', 'teacher', 9);
INSERT INTO `userandrole` VALUES ('admin', 'admin', 10);
INSERT INTO `userandrole` VALUES ('456', 'teacher', 11);
INSERT INTO `userandrole` VALUES ('789', 'teacher', 12);
INSERT INTO `userandrole` VALUES ('admin', 'teacher', 13);
INSERT INTO `userandrole` VALUES ('456789', 'teacher', 14);
INSERT INTO `userandrole` VALUES ('789456', 'teacher', 15);
INSERT INTO `userandrole` VALUES ('        ', 'teacher', 16);
INSERT INTO `userandrole` VALUES (' ', 'teacher', 17);
INSERT INTO `userandrole` VALUES ('yu yu', 'teacher', 18);
INSERT INTO `userandrole` VALUES ('yu yu yu', 'teacher', 19);
INSERT INTO `userandrole` VALUES ('mmddyy', 'teacher', 20);
INSERT INTO `userandrole` VALUES ('1111', 'teacher', 21);
COMMIT;

-- ----------------------------
-- Function structure for CalLevel
-- ----------------------------
DROP FUNCTION IF EXISTS `CalLevel`;
delimiter ;;
CREATE DEFINER=`root`@`%` FUNCTION `CalLevel`(num DOUBLE) RETURNS varchar(1) CHARSET utf8mb4 COLLATE utf8mb4_unicode_ci
BEGIN
	IF num < 50 THEN RETURN 'D';
	ELSEIF num < 70 THEN RETURN 'C';
	ELSEIF num < 90 THEN RETURN 'B';
	ELSE RETURN 'A';
	END IF;
END;
;;
delimiter ;

SET FOREIGN_KEY_CHECKS = 1;
